ID,Status of account,Duration(months),Credit History,Purpose,Credit amount,Savings account/bonds,Employment,Installment rate,Personal status/sex,Debtors/Guarantors,Residence since,Property,Age ,Other installment plans,Housing,Existing credits at bank,Job,People liable to provide maintenance for,Telephone,Foreign worker,Class
1,1,6,4,3,1169,5,5,4,3,1,4,1,67,3,2,2,3,1,2,1,1
2,2,48,2,3,5951,1,3,2,2,1,2,1,22,3,2,1,3,1,1,1,2
3,4,12,4,6,2096,1,4,2,3,1,3,1,49,3,2,1,2,2,1,1,1
4,1,42,2,2,7882,1,4,2,3,3,4,2,45,3,3,1,3,2,1,1,1
5,1,24,3,0,4870,1,3,3,3,1,4,4,53,3,3,2,3,2,1,1,2
6,4,36,2,6,9055,5,3,2,3,1,4,4,35,3,3,1,2,2,2,1,1
7,4,24,2,2,2835,3,5,3,3,1,4,2,53,3,2,1,3,1,1,1,1
8,2,36,2,1,6948,1,3,2,3,1,2,3,35,3,1,1,4,1,2,1,1
9,4,12,2,3,3059,4,4,2,1,1,4,1,61,3,2,1,2,1,1,1,1
10,2,30,4,0,5234,1,1,4,4,1,2,3,28,3,2,2,4,1,1,1,2
11,2,12,2,0,1295,1,2,3,2,1,1,3,25,3,1,1,3,1,1,1,2
12,1,48,2,9,4308,1,2,3,2,1,4,2,24,3,1,1,3,1,1,1,2
13,2,12,2,3,1567,1,3,1,2,1,1,3,22,3,2,1,3,1,2,1,1
14,1,24,4,0,1199,1,5,4,3,1,4,3,60,3,2,2,2,1,1,1,2
15,1,15,2,0,1403,1,3,2,2,1,4,3,28,3,1,1,3,1,1,1,1
16,1,24,2,3,1282,2,3,4,2,1,2,3,32,3,2,1,2,1,1,1,2
17,4,24,4,3,2424,5,5,4,3,1,4,2,53,3,2,2,3,1,1,1,1
18,1,30,0,9,8072,5,2,2,3,1,3,3,25,1,2,3,3,1,1,1,1
19,2,24,2,1,12579,1,5,4,2,1,2,4,44,3,3,1,4,1,2,1,2
20,4,24,2,3,3430,3,5,3,3,1,2,3,31,3,2,1,3,2,2,1,1
21,4,9,4,0,2134,1,3,4,3,1,4,3,48,3,2,3,3,1,2,1,1
22,1,6,2,3,2647,3,3,2,3,1,3,1,44,3,1,1,3,2,1,1,1
23,1,10,4,0,2241,1,2,1,3,1,3,1,48,3,1,2,2,2,1,2,1
24,2,12,4,1,1804,2,2,3,3,1,4,2,44,3,2,1,3,1,1,1,1
25,4,10,4,2,2069,5,3,2,4,1,1,3,26,3,2,2,3,1,1,2,1
26,1,6,2,2,1374,1,3,1,3,1,2,1,36,1,2,1,2,1,2,1,1
27,4,6,0,3,426,1,5,4,4,1,4,3,39,3,2,1,2,1,1,1,1
28,3,12,1,3,409,4,3,3,2,1,3,1,42,3,1,2,3,1,1,1,1
29,2,7,2,3,2415,1,3,3,3,3,2,1,34,3,2,1,3,1,1,1,1
30,1,60,3,9,6836,1,5,3,3,1,4,4,63,3,2,2,3,1,2,1,2
31,2,18,2,9,1913,4,2,3,4,1,3,1,36,1,2,1,3,1,2,1,1
32,1,24,2,2,4020,1,3,2,3,1,2,3,27,2,2,1,3,1,1,1,1
33,2,18,2,0,5866,2,3,2,3,1,2,3,30,3,2,2,3,1,2,1,1
34,4,12,4,9,1264,5,5,4,3,1,4,4,57,3,1,1,2,1,1,1,1
35,3,12,2,2,1474,1,2,4,2,1,1,2,33,1,2,1,4,1,2,1,1
36,2,45,4,3,4746,1,2,4,3,1,2,2,25,3,2,2,2,1,1,1,2
37,4,48,4,6,6110,1,3,1,3,1,3,4,31,1,3,1,3,1,2,1,1
38,3,18,2,3,2100,1,3,4,3,2,2,1,37,2,2,1,3,1,1,1,2
39,3,10,2,4,1225,1,3,2,3,1,2,3,37,3,2,1,3,1,2,1,1
40,2,9,2,3,458,1,3,4,3,1,3,1,24,3,2,1,3,1,1,1,1
41,4,30,2,3,2333,3,5,4,3,1,2,3,30,1,2,1,4,1,1,1,1
42,2,12,2,3,1158,3,3,3,1,1,1,3,26,3,2,1,3,1,2,1,1
43,2,18,3,5,6204,1,3,2,3,1,4,1,44,3,2,1,2,2,2,1,1
44,1,30,4,1,6187,2,4,1,4,1,4,3,24,3,1,2,3,1,1,1,1
45,1,48,4,1,6143,1,5,4,2,1,4,4,58,2,3,2,2,1,1,1,2
46,4,11,4,0,1393,1,2,4,2,1,4,3,35,3,2,2,4,1,1,1,1
47,4,36,2,3,2299,3,5,4,3,1,4,3,39,3,2,1,3,1,1,1,1
48,1,6,2,1,1352,3,1,1,2,1,2,2,23,3,1,1,1,1,2,1,1
49,4,11,4,0,7228,1,3,1,3,1,4,2,39,3,2,2,2,1,1,1,1
50,4,12,2,3,2073,2,3,4,2,2,2,1,28,3,2,1,3,1,1,1,1
51,2,24,3,2,2333,5,2,4,3,1,2,2,29,1,2,1,2,1,1,1,1
52,2,27,3,1,5965,1,5,1,3,1,2,3,30,3,2,2,4,1,2,1,1
53,4,12,2,3,1262,1,3,3,3,1,2,3,25,3,2,1,3,1,1,1,1
54,4,18,2,1,3378,5,3,2,3,1,1,2,31,3,2,1,3,1,2,1,1
55,2,36,3,0,2225,1,5,4,3,1,4,4,57,1,3,2,3,1,2,1,2
56,4,6,1,0,783,5,3,1,3,3,2,1,26,2,2,1,2,2,1,1,1
57,2,12,2,3,6468,5,1,2,3,1,1,4,52,3,2,1,4,1,2,1,2
58,4,36,4,3,9566,1,3,2,2,1,2,3,31,2,2,2,3,1,1,1,1
59,3,18,2,0,1961,1,5,3,2,1,2,3,23,3,2,1,4,1,1,1,1
60,1,36,4,2,6229,1,2,4,2,2,4,4,23,3,1,2,2,1,2,1,2
61,2,9,2,9,1391,1,3,2,4,1,1,1,27,1,2,1,3,1,2,1,1
62,2,15,4,3,1537,5,5,4,3,3,4,1,50,3,2,2,3,1,2,1,1
63,2,36,0,9,1953,1,5,4,3,1,4,4,61,3,3,1,4,1,2,1,2
64,2,48,0,9,14421,1,3,2,3,1,2,3,25,3,2,1,3,1,2,1,2
65,4,24,2,3,3181,1,2,4,2,1,4,2,26,3,2,1,3,1,2,1,1
66,4,27,2,5,5190,5,5,4,3,1,4,2,48,3,2,4,3,2,2,1,1
67,4,12,2,3,2171,1,2,2,2,1,2,3,29,1,2,1,3,1,1,1,1
68,2,12,2,0,1007,4,3,4,4,1,1,1,22,3,2,1,3,1,1,1,1
69,4,36,2,6,1819,1,3,4,3,1,4,4,37,2,3,1,3,1,2,1,2
70,4,36,2,3,2394,5,3,4,2,1,4,3,25,3,2,1,3,1,1,1,1
71,4,36,2,1,8133,1,3,1,2,1,2,2,30,1,2,1,3,1,1,1,1
72,4,7,4,3,730,5,5,4,3,1,2,2,46,3,1,2,2,1,2,1,1
73,1,8,4,10,1164,1,5,3,3,1,4,4,51,1,3,2,4,2,2,1,1
74,2,42,4,9,5954,1,4,2,2,1,1,1,41,1,2,2,2,1,1,1,1
75,1,36,2,6,1977,5,5,4,3,1,4,4,40,3,2,1,4,1,2,1,2
76,1,12,4,1,1526,1,5,4,3,1,4,4,66,3,3,2,4,1,1,1,1
77,1,42,2,3,3965,1,2,4,3,1,3,3,34,3,2,1,3,1,1,1,2
78,2,11,3,3,4771,1,4,2,3,1,4,2,51,3,2,1,3,1,1,1,1
79,4,54,0,1,9436,5,3,2,3,1,2,2,39,3,2,1,2,2,1,1,1
80,2,30,2,2,3832,1,2,2,4,1,1,2,22,3,2,1,3,1,1,1,1
81,4,24,2,3,5943,5,2,1,2,1,1,3,44,3,2,2,3,1,2,1,2
82,4,15,2,3,1213,3,5,4,3,1,3,2,47,2,2,1,3,1,2,1,1
83,4,18,2,9,1568,2,3,3,2,1,4,2,24,3,1,1,2,1,1,1,1
84,1,24,2,10,1755,1,5,4,2,3,4,1,58,3,2,1,2,1,2,1,1
85,1,10,2,3,2315,1,5,3,3,1,4,1,52,3,2,1,2,1,1,1,1
86,4,12,4,9,1412,1,3,4,2,3,2,1,29,3,2,2,4,1,2,1,1
87,2,18,4,2,1295,1,2,4,2,1,1,2,27,3,2,2,3,1,1,1,1
88,2,36,2,6,12612,2,3,1,3,1,4,4,47,3,3,1,3,2,2,1,2
89,1,18,2,0,2249,2,4,4,3,1,3,3,30,3,2,1,4,2,2,1,1
90,1,12,0,5,1108,1,4,4,3,1,3,1,28,3,2,2,3,1,1,1,2
91,4,12,4,3,618,1,5,4,3,1,4,1,56,3,2,1,3,1,1,1,1
92,1,12,4,1,1409,1,5,4,3,1,3,1,54,3,2,1,3,1,1,1,1
93,4,12,4,3,797,5,5,4,2,1,3,2,33,1,2,1,2,2,1,1,2
94,3,24,4,2,3617,5,5,4,3,2,4,4,20,3,1,2,3,1,1,1,1
95,2,12,2,0,1318,4,5,4,3,1,4,1,54,3,2,1,3,1,2,1,1
96,2,54,0,9,15945,1,2,3,3,1,4,4,58,3,1,1,3,1,2,1,2
97,4,12,4,6,2012,5,4,4,2,1,2,3,61,3,2,1,3,1,1,1,1
98,2,18,2,9,2622,2,3,4,3,1,4,3,34,3,2,1,3,1,1,1,1
99,2,36,4,3,2337,1,5,4,3,1,4,1,36,3,2,1,3,1,1,1,1
100,2,20,3,1,7057,5,4,3,3,1,4,2,36,1,1,2,4,2,2,1,1
101,4,24,2,0,1469,2,5,4,4,1,4,1,41,3,1,1,2,1,1,1,1
102,2,36,2,3,2323,1,4,4,3,1,4,3,24,3,1,1,3,1,1,1,1
103,4,6,3,3,932,1,3,3,2,1,2,1,24,3,2,1,3,1,1,1,1
104,2,9,4,2,1919,1,4,4,3,1,3,3,35,3,1,1,3,1,2,1,1
105,4,12,2,1,2445,5,2,2,4,1,4,3,26,3,1,1,3,1,2,1,1
106,2,24,4,10,11938,1,3,2,3,2,3,3,39,3,2,2,4,2,2,1,2
107,4,18,1,0,6458,1,5,2,3,1,4,4,39,1,2,2,4,2,2,1,2
108,2,12,2,0,6078,1,4,2,3,1,2,3,32,3,2,1,3,1,1,1,1
109,1,24,2,2,7721,5,2,1,2,1,2,2,30,3,2,1,3,1,2,2,1
110,2,14,2,9,1410,3,5,1,4,1,2,1,35,3,2,1,3,1,2,1,1
111,2,6,3,9,1449,2,5,1,1,1,2,3,31,1,2,2,3,2,1,1,1
112,3,15,2,6,392,1,2,4,2,1,4,2,23,3,1,1,3,1,2,1,1
113,2,18,2,0,6260,1,4,3,3,1,3,1,28,3,1,1,2,1,1,1,1
114,4,36,4,0,7855,1,3,4,2,1,2,1,25,2,2,2,3,1,2,1,2
115,1,12,2,3,1680,3,5,3,4,1,1,1,35,3,2,1,3,1,1,1,1
116,4,48,4,3,3578,5,5,4,3,1,1,1,47,3,2,1,3,1,2,1,1
117,1,42,2,3,7174,5,4,4,2,1,3,3,30,3,2,1,4,1,2,1,2
118,1,10,4,2,2132,5,2,2,2,2,3,1,27,3,1,2,3,1,1,2,1
119,1,33,4,2,4281,3,3,1,2,1,4,3,23,3,2,2,3,1,1,1,2
120,2,12,4,0,2366,3,4,3,1,1,3,3,36,3,2,1,4,1,2,1,1
121,1,21,2,3,1835,1,3,3,2,1,2,1,25,3,2,2,3,1,2,1,2
122,4,24,4,1,3868,1,5,4,2,1,2,3,41,3,1,2,4,1,2,1,1
123,4,12,2,2,1768,1,3,3,3,1,2,1,24,3,1,1,2,1,1,1,1
124,3,10,4,0,781,1,5,4,3,1,4,4,63,3,3,2,3,1,2,1,1
125,2,18,2,2,1924,5,2,4,2,1,3,1,27,3,1,1,3,1,1,1,2
126,1,12,4,0,2121,1,3,4,3,1,2,2,30,3,2,2,3,1,1,1,1
127,1,12,2,3,701,1,3,4,4,1,2,1,40,3,2,1,2,1,1,1,1
128,2,12,2,5,639,1,3,4,3,1,2,3,30,3,2,1,3,1,1,1,2
129,2,12,4,1,1860,1,1,4,3,1,2,3,34,3,2,2,4,1,2,1,1
130,1,12,4,0,3499,1,3,3,2,2,2,1,29,3,2,2,3,1,1,1,2
131,2,48,2,0,8487,5,4,1,2,1,2,3,24,3,2,1,3,1,1,1,1
132,1,36,3,6,6887,1,3,4,3,1,3,2,29,2,2,1,3,1,2,1,2
133,4,15,2,2,2708,1,2,2,3,1,3,2,27,1,2,2,2,1,1,1,1
134,4,18,2,2,1984,1,3,4,3,1,4,4,47,1,3,2,3,1,1,1,1
135,4,60,2,3,10144,2,4,2,2,1,4,1,21,3,2,1,3,1,2,1,1
136,4,12,4,3,1240,5,5,4,2,1,2,1,38,3,2,2,3,1,2,1,1
137,4,27,3,1,8613,4,3,2,3,1,2,3,27,3,2,2,3,1,1,1,1
138,2,12,2,3,766,3,3,4,3,1,3,1,66,3,2,1,2,1,1,1,2
139,2,15,4,3,2728,5,4,4,3,3,2,1,35,1,2,3,3,1,2,1,1
140,3,12,2,3,1881,1,3,2,2,1,2,3,44,3,1,1,2,1,2,1,1
141,3,6,2,0,709,4,2,2,4,1,2,1,27,3,2,1,1,1,1,2,1
142,2,36,2,3,4795,1,2,4,2,1,1,4,30,3,2,1,4,1,2,1,1
143,1,27,2,3,3416,1,3,3,3,1,2,3,27,3,2,1,4,1,1,1,1
144,1,18,2,2,2462,1,3,2,3,1,2,3,22,3,2,1,3,1,1,1,2
145,4,21,4,2,2288,1,2,4,2,1,4,2,23,3,2,1,3,1,2,1,1
146,2,48,1,9,3566,2,4,4,3,1,2,3,30,3,2,1,3,1,1,1,1
147,1,6,4,0,860,1,5,1,2,1,4,4,39,3,2,2,3,1,2,1,1
148,4,12,4,0,682,2,4,4,2,1,3,3,51,3,2,2,3,1,2,1,1
149,1,36,4,2,5371,1,3,3,3,3,2,2,28,3,2,2,3,1,1,1,1
150,4,18,4,3,1582,4,5,4,3,1,4,3,46,3,2,2,3,1,1,1,1
151,4,6,2,3,1346,2,5,2,3,1,4,4,42,1,3,1,3,2,2,1,1
152,4,10,2,3,1924,1,3,1,3,1,4,2,38,3,2,1,3,1,2,2,1
153,3,36,2,3,5848,1,3,4,3,1,1,3,24,3,2,1,3,1,1,1,1
154,2,24,4,1,7758,4,5,2,2,1,4,4,29,3,1,1,3,1,1,1,1
155,2,24,3,9,6967,2,4,4,3,1,4,3,36,3,1,1,4,1,2,1,1
156,1,12,2,2,1282,1,3,2,2,1,4,3,20,3,1,1,3,1,1,1,2
157,1,9,4,5,1288,2,5,3,3,3,4,1,48,3,2,2,3,2,1,2,1
158,1,12,1,8,339,1,5,4,4,1,1,3,45,1,2,1,2,1,1,1,1
159,2,24,2,0,3512,2,4,2,3,1,3,3,38,1,2,2,3,1,2,1,1
160,4,6,4,3,1898,5,3,1,3,1,2,1,34,3,2,2,2,2,1,1,1
161,4,24,4,3,2872,2,5,3,3,1,4,1,36,3,2,1,3,2,2,1,1
162,4,18,4,0,1055,1,2,4,2,1,1,2,30,3,2,2,3,1,1,1,1
163,4,15,2,4,1262,3,4,4,3,1,3,2,36,3,2,2,3,1,2,1,1
164,2,10,2,0,7308,1,1,2,3,1,4,4,70,1,3,1,4,1,2,1,1
165,4,36,2,0,909,3,5,4,3,1,4,2,36,3,2,1,3,1,1,1,1
166,4,6,2,2,2978,3,3,1,3,1,2,3,32,3,2,1,3,1,2,1,1
167,1,18,2,2,1131,1,1,4,2,1,2,3,33,3,2,1,3,1,1,1,2
168,2,11,2,2,1577,4,2,4,2,1,1,1,20,3,2,1,3,1,1,1,1
169,4,24,2,2,3972,1,4,2,2,1,4,2,25,3,1,1,3,1,2,1,1
170,2,24,4,9,1935,1,5,4,1,1,4,1,31,3,2,2,3,1,2,1,2
171,1,15,0,0,950,1,5,4,3,1,3,3,33,3,1,2,3,2,1,1,2
172,4,12,2,2,763,1,3,4,2,1,1,1,26,3,2,1,3,1,2,1,1
173,2,24,3,2,2064,1,1,3,2,1,2,2,34,3,2,1,4,1,2,1,2
174,2,8,2,3,1414,1,3,4,3,3,2,1,33,3,2,1,3,1,1,2,1
175,1,21,3,6,3414,1,2,2,3,1,1,2,26,3,2,2,3,1,1,1,2
176,4,30,1,1,7485,5,1,4,2,1,1,1,53,1,2,1,4,1,2,1,2
177,1,12,2,2,2577,1,3,2,1,1,1,3,42,3,2,1,3,1,1,1,1
178,1,6,4,3,338,3,5,4,3,1,4,3,52,3,2,2,3,1,1,1,1
179,4,12,2,3,1963,1,4,4,3,1,2,3,31,3,1,2,4,2,2,1,1
180,1,21,4,0,571,1,5,4,3,1,4,1,65,3,2,2,3,1,1,1,1
181,4,36,3,9,9572,1,2,1,1,1,1,3,28,3,2,2,3,1,1,1,2
182,2,36,3,9,4455,1,3,2,1,1,2,1,30,2,2,2,4,1,2,1,2
183,1,21,1,0,1647,5,3,4,3,1,2,2,40,3,2,2,2,2,1,1,2
184,4,24,4,2,3777,4,3,4,3,1,4,1,50,3,2,1,3,1,2,1,1
185,2,18,4,0,884,1,5,4,3,1,4,3,36,1,2,1,3,2,2,1,2
186,4,15,4,3,1360,1,3,4,3,1,2,2,31,3,2,2,3,1,1,1,1
187,2,9,1,1,5129,1,5,2,2,1,4,4,74,1,3,1,4,2,2,1,2
188,2,16,4,0,1175,1,1,2,3,1,3,3,68,3,3,3,1,1,2,1,1
189,1,12,2,3,674,2,4,4,4,1,1,2,20,3,2,1,3,1,1,1,2
190,2,18,0,2,3244,1,3,1,2,1,4,3,33,1,2,2,3,1,2,1,1
191,4,24,2,9,4591,4,3,2,3,1,3,2,54,3,2,3,4,1,2,1,2
192,2,48,0,9,3844,2,4,4,3,1,4,4,34,3,3,1,2,2,1,1,2
193,2,27,2,9,3915,1,3,4,3,1,2,3,36,3,2,1,3,2,2,1,2
194,4,6,2,3,2108,1,4,2,4,1,2,1,29,3,1,1,3,1,1,1,1
195,2,45,2,3,3031,2,3,4,3,3,4,2,21,3,1,1,3,1,1,1,2
196,2,9,4,6,1501,1,5,2,2,1,3,3,34,3,2,2,4,1,2,1,2
197,4,6,4,3,1382,1,3,1,2,1,1,3,28,3,2,2,3,1,2,1,1
198,2,12,2,2,951,2,2,4,2,1,4,3,27,1,1,4,3,1,1,1,2
199,2,24,2,1,2760,5,5,4,3,1,4,4,36,1,3,1,3,1,2,1,1
200,2,18,3,2,4297,1,5,4,1,1,3,4,40,3,2,1,4,1,2,1,2
201,4,9,4,6,936,3,5,4,3,1,2,3,52,3,2,2,3,1,2,1,1
202,1,12,2,0,1168,1,3,4,4,1,3,1,27,3,2,1,2,1,1,1,1
203,4,27,3,9,5117,1,4,3,3,1,4,3,26,3,2,2,3,1,1,1,1
204,1,12,2,8,902,1,4,4,4,1,4,2,21,3,1,1,3,1,1,1,2
205,4,12,4,0,1495,1,5,4,3,1,1,1,38,3,2,2,2,2,1,1,1
206,1,30,4,1,10623,1,5,3,3,1,4,4,38,3,3,3,4,2,2,1,1
207,4,12,4,2,1935,1,5,4,3,1,4,1,43,3,2,3,3,1,2,1,1
208,2,12,4,4,1424,1,4,4,3,1,3,2,26,3,2,1,3,1,1,1,1
209,1,24,2,9,6568,1,3,2,4,1,2,3,21,2,2,1,2,1,1,1,1
210,4,12,2,1,1413,4,4,3,3,1,2,2,55,3,2,1,3,1,1,2,1
211,4,9,4,3,3074,5,3,1,3,1,2,1,33,3,2,2,3,2,1,1,1
212,4,36,2,3,3835,5,5,2,2,1,4,1,45,3,2,1,2,1,2,1,1
213,1,27,0,9,5293,1,1,2,3,1,4,2,50,2,2,2,3,1,2,1,2
214,3,30,3,9,1908,1,5,4,3,1,4,1,66,3,2,1,4,1,2,1,2
215,4,36,4,3,3342,5,5,4,3,1,2,3,51,3,2,1,3,1,2,1,1
216,2,6,4,8,932,5,4,1,2,1,3,2,39,3,2,2,2,1,1,1,1
217,1,18,0,9,3104,1,4,3,3,1,1,2,31,1,2,1,3,1,2,1,1
218,3,36,2,3,3913,1,3,2,3,1,2,1,23,3,2,1,3,1,2,1,1
219,1,24,2,2,3021,1,3,2,1,1,2,1,24,3,1,1,2,1,1,1,1
220,4,10,2,0,1364,1,3,2,2,1,4,3,64,3,2,1,3,1,2,1,1
221,2,12,2,3,625,1,2,4,4,3,1,1,26,1,2,1,2,1,1,1,1
222,1,12,2,6,1200,5,3,4,2,1,4,2,23,1,1,1,3,1,2,1,1
223,4,12,2,3,707,1,3,4,3,1,2,1,30,1,2,2,3,1,1,1,1
224,4,24,3,9,2978,5,3,4,3,1,4,1,32,3,2,2,3,2,2,1,1
225,4,15,2,1,4657,1,3,3,3,1,2,3,30,3,2,1,3,1,2,1,1
226,4,36,0,5,2613,1,3,4,3,1,2,3,27,3,2,2,3,1,1,1,1
227,2,48,2,3,10961,4,4,1,3,2,2,4,27,1,2,2,3,1,2,1,2
228,1,12,2,2,7865,1,5,4,3,1,4,4,53,3,3,1,4,1,2,1,2
229,4,9,2,3,1478,1,4,4,3,1,2,3,22,3,2,1,3,1,1,1,2
230,1,24,2,2,3149,1,2,4,3,1,1,4,22,1,3,1,3,1,1,1,1
231,3,36,2,3,4210,1,3,4,3,1,2,3,26,3,2,1,3,1,1,1,2
232,4,9,2,0,2507,3,5,2,3,1,4,4,51,3,3,1,2,1,1,1,1
233,4,12,2,3,2141,2,4,3,3,1,1,4,35,3,2,1,3,1,1,1,1
234,2,18,2,3,866,1,3,4,4,3,2,1,25,3,2,1,2,1,1,1,1
235,4,4,4,3,1544,1,4,2,3,1,1,1,42,3,2,3,2,2,1,1,1
236,1,24,2,3,1823,1,1,4,3,1,2,3,30,2,2,1,4,2,1,1,2
237,2,6,2,0,14555,5,1,1,3,1,2,2,23,3,2,1,1,1,2,1,2
238,2,21,2,9,2767,2,5,4,1,1,2,3,61,1,1,2,2,1,1,1,2
239,4,12,4,3,1291,1,3,4,2,1,2,2,35,3,2,2,3,1,1,1,1
240,1,30,2,3,2522,1,5,1,3,3,3,2,39,3,2,1,3,2,1,1,1
241,1,24,2,0,915,5,5,4,2,1,2,3,29,1,2,1,3,1,1,1,2
242,4,6,2,3,1595,1,4,3,3,1,2,2,51,3,2,1,3,2,1,1,1
243,1,48,0,1,4605,1,5,3,3,1,4,4,24,3,3,2,3,2,1,1,2
244,4,12,4,9,1185,1,3,3,2,1,2,1,27,3,2,2,3,1,1,1,1
245,4,12,1,8,3447,3,3,4,2,1,3,1,35,3,2,1,2,2,1,1,1
246,4,24,2,9,1258,1,4,4,3,1,1,1,25,3,2,1,3,1,2,1,1
247,4,12,4,3,717,1,5,4,3,1,4,1,52,3,2,3,3,1,1,1,1
248,4,6,0,0,1204,2,3,4,3,1,1,4,35,1,1,1,3,1,1,2,1
249,3,24,2,2,1925,1,3,2,3,1,2,1,26,3,2,1,3,1,1,1,1
250,4,18,2,3,433,1,1,3,2,2,4,1,22,3,1,1,3,1,1,1,2
251,1,6,4,0,666,4,4,3,2,1,4,1,39,3,2,2,2,1,2,1,1
252,3,12,2,2,2251,1,3,1,2,1,2,3,46,3,2,1,2,1,1,1,1
253,2,30,2,0,2150,1,3,4,2,3,2,4,24,1,2,1,3,1,1,1,2
254,4,24,3,2,4151,2,3,2,3,1,3,2,35,3,2,2,3,1,1,1,1
255,2,9,2,2,2030,5,4,2,3,1,1,3,24,3,2,1,3,1,2,1,1
256,2,60,3,3,7418,5,3,1,3,1,1,1,27,3,2,1,2,1,1,1,1
257,4,24,4,3,2684,1,3,4,3,1,2,1,35,3,2,2,2,1,1,1,1
258,1,12,1,3,2149,1,3,4,1,1,1,4,29,3,3,1,3,1,1,1,2
259,4,15,2,1,3812,2,2,1,2,1,4,3,23,3,2,1,3,1,2,1,1
260,4,11,4,3,1154,2,1,4,2,1,4,1,57,3,2,3,2,1,1,1,1
261,1,12,2,2,1657,1,3,2,3,1,2,1,27,3,2,1,3,1,1,1,1
262,1,24,2,3,1603,1,5,4,2,1,4,3,55,3,2,1,3,1,1,1,1
263,1,18,4,0,5302,1,5,2,3,1,4,4,36,3,3,3,4,1,2,1,1
264,4,12,4,6,2748,1,5,2,2,1,4,4,57,1,3,3,2,1,1,1,1
265,4,10,4,0,1231,1,5,3,3,1,4,1,32,3,2,2,2,2,1,2,1
266,2,15,2,3,802,1,5,4,3,1,3,3,37,3,2,1,3,2,1,1,2
267,4,36,4,9,6304,5,5,4,3,1,4,1,36,3,2,2,3,1,1,1,1
268,4,24,2,3,1533,1,2,4,2,1,3,3,38,2,2,1,3,1,2,1,1
269,1,14,2,0,8978,1,5,1,1,1,4,2,45,3,2,1,4,1,2,2,2
270,4,24,2,3,999,5,5,4,3,1,2,3,25,3,2,2,3,1,1,1,1
271,4,18,2,0,2662,5,4,4,3,1,3,2,32,3,2,1,3,1,1,2,1
272,4,12,4,2,1402,3,4,3,2,1,4,3,37,3,1,1,3,1,2,1,1
273,2,48,1,0,12169,5,1,4,3,2,4,4,36,3,3,1,4,1,2,1,1
274,2,48,2,3,3060,1,4,4,3,1,4,1,28,3,2,2,3,1,1,1,2
275,1,30,2,5,11998,1,2,1,1,1,1,4,34,3,2,1,2,1,2,1,2
276,4,9,2,3,2697,1,3,1,3,1,2,1,32,3,2,1,3,2,1,1,1
277,4,18,4,3,2404,1,3,2,2,1,2,3,26,3,2,2,3,1,1,1,1
278,1,12,2,2,1262,5,5,2,1,1,4,2,49,3,2,1,2,1,2,1,1
279,4,6,2,2,4611,1,2,1,2,1,4,2,32,3,2,1,3,1,1,1,2
280,4,24,2,3,1901,2,3,4,3,1,4,3,29,3,1,1,4,1,2,1,1
281,4,15,4,1,3368,4,5,3,3,1,4,4,23,3,1,2,3,1,2,1,1
282,4,12,2,2,1574,1,3,4,3,1,2,1,50,3,2,1,3,1,1,1,1
283,3,18,1,3,1445,5,4,4,3,1,4,3,49,1,2,1,2,1,1,1,1
284,4,15,4,2,1520,5,5,4,3,1,4,2,63,3,2,1,3,1,1,1,1
285,2,24,4,0,3878,2,2,4,1,1,2,3,37,3,2,1,3,1,2,1,1
286,1,47,2,0,10722,1,2,1,2,1,1,1,35,3,2,1,2,1,2,1,1
287,1,48,2,1,4788,1,4,4,3,1,3,2,26,3,2,1,3,2,1,1,1
288,2,48,3,10,7582,2,1,2,3,1,4,4,31,3,3,1,4,1,2,1,1
289,2,12,2,3,1092,1,3,4,2,3,4,1,49,3,2,2,3,1,2,1,1
290,1,24,3,3,1024,1,2,4,4,1,4,1,48,2,2,1,3,1,1,1,2
291,4,12,2,9,1076,1,3,2,4,1,2,1,26,3,2,1,3,1,2,2,1
292,2,36,2,1,9398,1,2,1,4,1,4,3,28,3,1,1,4,1,2,1,2
293,1,24,4,1,6419,1,5,2,2,1,4,4,44,3,3,2,4,2,2,1,1
294,3,42,4,1,4796,1,5,4,3,1,4,4,56,3,3,1,3,1,1,1,1
295,4,48,4,9,7629,5,5,4,1,1,2,3,46,1,2,2,4,2,1,1,1
296,2,48,2,2,9960,1,2,1,2,1,2,3,26,3,2,1,3,1,2,1,2
297,4,12,2,1,4675,5,2,1,2,1,4,3,20,3,1,1,3,1,1,1,1
298,4,10,2,0,1287,5,5,4,3,2,2,2,45,3,2,1,2,1,1,2,1
299,4,18,2,2,2515,1,3,3,3,1,4,1,43,3,2,1,3,1,2,1,1
300,2,21,4,2,2745,4,4,3,3,1,2,3,32,3,2,2,3,1,2,1,1
301,4,6,2,0,672,1,1,1,2,1,4,1,54,3,2,1,1,1,2,1,1
302,2,36,0,3,3804,1,3,4,2,1,1,3,42,3,2,1,3,1,2,1,2
303,3,24,4,0,1344,5,4,4,3,1,2,1,37,1,2,2,2,2,1,1,2
304,1,10,4,0,1038,1,4,4,3,2,3,2,49,3,2,2,3,1,2,1,1
305,4,48,4,0,10127,3,3,2,3,1,2,4,44,1,3,1,3,1,1,1,2
306,4,6,2,2,1543,4,3,4,1,1,2,1,33,3,2,1,3,1,1,1,1
307,4,30,2,1,4811,5,4,2,2,1,4,2,24,2,1,1,2,1,1,1,1
308,1,12,2,3,727,2,2,4,4,1,3,4,33,3,2,1,2,1,2,1,2
309,2,8,2,2,1237,1,3,3,2,1,4,1,24,3,2,1,3,1,1,1,2
310,2,9,2,0,276,1,3,4,4,1,4,1,22,3,1,1,2,1,1,1,1
311,2,48,2,10,5381,5,1,3,3,1,4,4,40,1,3,1,1,1,2,1,1
312,4,24,2,2,5511,2,3,4,3,1,1,3,25,2,2,1,3,1,1,1,1
313,3,24,2,2,3749,1,2,2,2,1,4,3,26,3,2,1,3,1,1,1,1
314,2,12,2,0,685,1,4,2,4,1,3,3,25,1,2,1,2,1,1,1,2
315,3,4,2,0,1494,5,2,1,3,1,2,1,29,3,2,1,2,2,1,2,1
316,1,36,1,2,2746,1,5,4,3,1,4,3,31,1,2,1,3,1,1,1,2
317,1,12,2,2,708,1,3,2,3,3,3,2,38,3,2,1,2,2,1,1,1
318,2,24,2,2,4351,5,3,1,2,1,4,2,48,3,2,1,2,1,2,1,1
319,4,12,4,6,701,1,3,4,3,1,2,3,32,3,2,2,3,1,1,1,1
320,1,15,3,2,3643,1,5,1,2,1,4,2,27,3,2,2,2,1,1,1,1
321,2,30,4,0,4249,1,1,4,4,1,2,3,28,3,2,2,4,1,1,1,2
322,1,24,2,3,1938,1,2,4,1,1,3,2,32,3,2,1,3,1,1,1,2
323,1,24,2,1,2910,1,4,2,3,1,1,4,34,3,3,1,4,1,2,1,1
324,1,18,2,2,2659,4,3,4,3,1,2,3,28,3,2,1,3,1,1,1,1
325,4,18,4,0,1028,1,3,4,2,1,3,1,36,3,2,2,3,1,1,1,1
326,1,8,4,0,3398,1,4,1,3,1,4,1,39,3,2,2,2,1,1,2,1
327,4,12,4,2,5801,5,5,2,3,1,4,2,49,3,1,1,3,1,2,1,1
328,4,24,2,0,1525,4,4,4,2,1,3,3,34,3,2,1,3,2,2,1,1
329,3,36,2,3,4473,1,5,4,3,1,2,3,31,3,2,1,3,1,1,1,1
330,2,6,2,3,1068,1,5,4,3,1,4,3,28,3,2,1,3,2,1,1,1
331,1,24,4,1,6615,1,1,2,3,1,4,4,75,3,3,2,4,1,2,1,1
332,4,18,4,6,1864,2,3,4,2,1,2,1,30,3,2,2,3,1,1,1,2
333,2,60,2,0,7408,2,2,4,2,1,2,2,24,3,2,1,4,1,1,1,2
334,4,48,4,1,11590,2,3,2,2,1,4,3,24,1,1,2,2,1,1,1,2
335,1,24,0,2,4110,1,5,3,3,1,4,4,23,1,1,2,3,2,1,1,2
336,1,6,4,2,3384,1,3,1,1,1,4,1,44,3,1,1,4,1,2,1,2
337,2,13,2,3,2101,1,2,2,2,3,4,2,23,3,2,1,2,1,1,1,1
338,1,15,2,4,1275,5,3,4,2,1,2,3,24,3,1,1,3,1,1,1,2
339,1,24,2,2,4169,1,3,4,3,1,4,2,28,3,2,1,3,1,1,1,1
340,2,10,2,2,1521,1,3,4,1,1,2,3,31,3,2,1,2,1,1,1,1
341,2,24,4,6,5743,1,2,2,2,1,4,4,24,3,3,2,3,1,2,1,1
342,1,21,2,2,3599,1,4,1,2,1,4,3,26,3,1,1,2,1,1,1,1
343,2,18,2,3,3213,3,2,1,4,1,3,1,25,3,1,1,3,1,1,1,1
344,2,18,2,9,4439,1,5,1,3,2,1,1,33,1,2,1,4,1,2,1,1
345,3,10,2,0,3949,1,2,1,3,3,1,2,37,3,2,1,2,2,1,1,1
346,4,15,4,3,1459,1,3,4,2,1,2,3,43,3,2,1,2,1,1,1,1
347,2,13,4,3,882,1,2,4,3,3,4,1,23,3,2,2,3,1,1,1,1
348,2,24,2,3,3758,3,1,1,2,1,4,4,23,3,1,1,1,1,1,1,1
349,4,6,3,9,1743,2,3,1,3,1,2,1,34,3,2,2,2,1,1,1,1
350,2,9,4,6,1136,4,5,4,3,1,3,4,32,3,3,2,3,2,1,1,2
351,4,9,2,4,1236,1,2,1,2,1,4,1,23,3,1,1,3,1,2,1,1
352,2,9,2,2,959,1,3,1,2,1,2,3,29,3,2,1,3,1,1,2,2
353,4,18,4,1,3229,5,1,2,3,1,4,4,38,3,2,1,4,1,2,1,1
354,1,12,0,3,6199,1,3,4,3,1,2,2,28,3,1,2,3,1,2,1,2
355,4,10,2,6,727,3,5,4,3,1,4,4,46,3,3,1,3,1,2,1,1
356,2,24,2,0,1246,1,2,4,3,1,2,1,23,2,2,1,2,1,1,1,2
357,4,12,4,3,2331,5,5,1,3,2,4,1,49,3,2,1,3,1,2,1,1
358,4,36,3,3,4463,1,3,4,3,1,2,3,26,3,2,2,4,1,2,1,2
359,4,12,2,3,776,1,3,4,4,1,2,1,28,3,2,1,3,1,1,1,1
360,1,30,2,2,2406,1,4,4,2,1,4,1,23,3,1,1,3,1,1,1,2
361,2,18,2,6,1239,5,3,4,3,1,4,4,61,3,3,1,3,1,1,1,1
362,3,12,2,3,3399,5,5,2,3,1,3,3,37,3,2,1,4,1,1,1,1
363,3,12,3,0,2247,1,3,2,2,1,2,3,36,2,2,2,3,1,2,1,1
364,4,6,2,2,1766,1,3,1,4,1,2,2,21,3,1,1,3,1,1,1,1
365,1,18,2,2,2473,1,1,4,3,1,1,3,25,3,2,1,1,1,1,1,2
366,4,12,2,9,1542,1,4,2,3,1,4,3,36,3,2,1,3,1,2,1,1
367,4,18,4,1,3850,1,4,3,3,1,1,3,27,3,2,2,3,1,1,1,1
368,1,18,2,2,3650,1,2,1,2,1,4,3,22,3,1,1,3,1,1,1,1
369,1,36,2,2,3446,1,5,4,3,1,2,3,42,3,2,1,3,2,1,1,2
370,2,18,2,2,3001,1,4,2,2,1,4,1,40,3,1,1,3,1,1,1,1
371,4,36,2,0,3079,5,3,4,3,1,4,1,36,3,2,1,3,1,1,1,1
372,4,18,4,3,6070,1,5,3,3,1,4,3,33,3,2,2,3,1,2,1,1
373,4,10,4,2,2146,1,2,1,2,1,3,1,23,3,1,2,3,1,1,1,1
374,4,60,4,0,13756,5,5,2,3,1,4,4,63,1,3,1,4,1,2,1,1
375,2,60,1,10,14782,2,5,3,2,1,4,4,60,1,3,2,4,1,2,1,2
376,1,48,1,9,7685,1,4,2,2,3,4,3,37,3,1,1,3,1,1,1,2
377,4,18,3,3,2320,1,1,2,4,1,3,1,34,3,2,2,3,1,1,1,1
378,4,7,3,3,846,5,5,3,3,1,4,4,36,3,3,1,3,1,1,1,1
379,2,36,2,0,14318,1,5,4,3,1,2,4,57,3,3,1,4,1,2,1,2
380,4,6,4,0,362,2,3,4,2,1,4,3,52,3,2,2,2,1,1,1,1
381,1,20,2,2,2212,5,4,4,3,1,4,3,39,3,2,1,3,1,2,1,1
382,2,18,2,1,12976,1,1,3,2,1,4,4,38,3,3,1,4,1,2,1,2
383,4,22,2,0,1283,5,4,4,2,1,4,2,25,3,1,1,3,1,1,1,1
384,3,12,2,0,1330,1,2,4,3,1,1,1,26,3,2,1,3,1,1,1,1
385,4,30,3,9,4272,2,3,2,3,1,2,2,26,3,2,2,2,1,1,1,1
386,4,18,4,3,2238,1,3,2,2,1,1,3,25,3,2,2,3,1,1,1,1
387,4,18,2,3,1126,5,2,4,2,1,2,1,21,3,1,1,3,1,2,1,1
388,2,18,4,2,7374,1,1,4,3,1,4,2,40,2,2,2,4,1,2,1,1
389,2,15,4,9,2326,3,3,2,3,1,4,3,27,1,2,1,3,1,1,1,1
390,4,9,2,9,1449,1,4,3,2,1,2,3,27,3,2,2,3,1,1,1,1
391,4,18,2,0,1820,1,3,2,4,1,2,2,30,3,2,1,4,1,2,1,1
392,2,12,2,2,983,4,2,1,2,1,4,1,19,3,1,1,2,1,1,1,1
393,1,36,2,0,3249,1,4,2,3,1,4,4,39,1,3,1,4,2,2,1,1
394,1,6,4,3,1957,1,4,1,2,1,4,3,31,3,2,1,3,1,1,1,1
395,4,9,4,2,2406,1,1,2,3,1,3,3,31,3,2,1,4,1,1,1,1
396,2,39,3,6,11760,2,4,2,3,1,3,4,32,3,1,1,3,1,2,1,1
397,1,12,2,2,2578,1,1,3,2,1,4,4,55,3,3,1,4,1,1,1,1
398,1,36,4,2,2348,1,3,3,4,1,2,2,46,3,2,2,3,1,2,1,1
399,2,12,2,0,1223,1,5,1,1,1,1,1,46,3,1,2,3,1,1,1,2
400,4,24,4,3,1516,4,3,4,2,1,1,1,43,3,2,2,2,1,1,1,1
401,4,18,2,3,1473,1,2,3,4,1,4,1,39,3,2,1,3,1,2,1,1
402,2,18,4,9,1887,5,3,4,4,1,4,1,28,1,2,2,3,1,1,1,1
403,4,24,3,9,8648,1,2,2,3,1,2,3,27,1,2,2,3,1,2,1,2
404,4,14,3,0,802,1,3,4,3,1,2,3,27,3,2,2,2,1,1,1,1
405,2,18,3,0,2899,5,5,4,3,1,4,3,43,3,2,1,3,2,1,1,1
406,2,24,2,3,2039,1,2,1,4,1,1,2,22,3,2,1,3,1,2,1,2
407,4,24,4,1,2197,5,4,4,3,1,4,3,43,3,2,2,3,2,2,1,1
408,1,15,2,3,1053,1,2,4,4,1,2,1,27,3,2,1,3,1,1,2,1
409,4,24,2,3,3235,3,5,3,1,1,2,3,26,3,2,1,4,1,2,1,1
410,3,12,4,0,939,3,4,4,4,1,2,1,28,3,2,3,3,1,2,1,2
411,2,24,2,3,1967,1,5,4,2,1,4,3,20,3,2,1,3,1,2,1,1
412,4,33,4,1,7253,1,4,3,3,1,2,3,35,3,2,2,4,1,2,1,1
413,4,12,4,9,2292,1,1,4,3,1,2,3,42,2,2,2,4,1,2,1,2
414,4,10,2,0,1597,3,3,3,3,1,2,4,40,3,1,1,2,2,1,2,1
415,1,24,2,0,1381,5,3,4,2,1,2,2,35,3,2,1,3,1,1,1,2
416,4,36,4,1,5842,1,5,2,3,1,2,2,35,3,2,2,3,2,2,1,1
417,1,12,2,0,2579,1,2,4,3,1,1,1,33,3,2,1,2,2,1,1,2
418,1,18,3,6,8471,5,3,1,2,1,2,3,23,3,1,2,3,1,2,1,1
419,4,21,2,0,2782,3,4,1,2,1,2,3,31,1,2,1,4,1,1,1,1
420,2,18,2,0,1042,5,3,4,2,1,2,2,33,3,2,1,3,1,1,1,2
421,4,15,2,0,3186,4,4,2,2,1,3,3,20,3,1,1,3,1,1,1,1
422,2,12,2,1,2028,5,3,4,3,1,2,3,30,3,2,1,3,1,1,1,1
423,2,12,4,0,958,1,4,2,3,1,3,1,47,3,2,2,2,2,1,1,1
424,4,21,3,2,1591,2,4,4,3,1,3,1,34,3,2,2,4,1,1,1,1
425,2,12,2,2,2762,5,5,1,2,1,2,2,25,1,2,1,3,1,2,1,2
426,2,18,2,1,2779,1,3,1,4,1,3,3,21,3,1,1,3,1,2,1,1
427,4,28,4,3,2743,1,5,4,3,1,2,3,29,3,2,2,3,1,1,1,1
428,4,18,4,3,1149,4,3,4,3,1,3,1,46,3,2,2,3,1,1,1,1
429,4,9,2,2,1313,1,5,1,3,1,4,3,20,3,2,1,3,1,1,1,1
430,1,18,4,5,1190,1,1,2,2,1,4,4,55,3,3,3,1,2,1,1,2
431,4,5,2,9,3448,1,4,1,3,1,4,1,74,3,2,1,2,1,1,1,1
432,2,24,2,10,11328,1,3,2,3,2,3,3,29,1,2,2,4,1,2,1,2
433,1,6,4,2,1872,1,1,4,3,1,4,4,36,3,3,3,4,1,2,1,1
434,4,24,4,5,2058,1,3,4,1,1,2,1,33,3,2,2,3,1,2,1,1
435,1,9,2,2,2136,1,3,3,3,1,2,1,25,3,2,1,3,1,1,1,1
436,2,12,2,3,1484,5,3,2,4,1,1,1,25,3,2,1,3,1,2,1,2
437,4,6,2,5,660,3,4,2,4,1,4,1,23,3,1,1,2,1,1,1,1
438,4,24,4,0,1287,4,5,4,2,1,4,1,37,3,2,2,3,1,2,1,1
439,1,42,4,5,3394,1,1,4,3,2,4,3,65,3,2,2,1,1,1,1,1
440,3,12,1,9,609,1,2,4,2,1,1,1,26,3,2,1,1,1,1,1,2
441,4,12,2,0,1884,1,5,4,3,1,4,3,39,3,2,1,4,1,2,1,1
442,1,12,2,2,1620,1,3,2,2,2,3,2,30,3,2,1,3,1,1,1,1
443,2,20,3,10,2629,1,3,2,3,1,3,3,29,1,2,2,3,1,2,1,1
444,4,12,2,6,719,1,5,4,3,1,4,3,41,1,2,1,2,2,1,1,2
445,2,48,4,2,5096,1,3,2,2,1,3,3,30,3,2,1,4,1,2,1,2
446,4,9,4,6,1244,5,5,4,2,1,4,2,41,3,1,2,2,1,1,1,1
447,1,36,2,0,1842,1,2,4,2,1,4,3,34,3,2,1,3,1,2,1,2
448,2,7,2,3,2576,1,3,2,3,3,2,1,35,3,2,1,3,1,1,1,1
449,3,12,2,2,1424,5,5,3,2,1,4,1,55,3,2,1,4,1,2,1,1
450,2,15,3,5,1512,4,3,3,4,1,3,2,61,2,2,2,3,1,1,1,2
451,4,36,4,1,11054,5,3,4,3,1,2,3,30,3,2,1,4,1,2,1,1
452,4,6,2,3,518,1,3,3,2,1,1,1,29,3,2,1,3,1,1,1,1
453,4,12,0,2,2759,1,5,2,3,1,4,2,34,3,2,2,3,1,1,1,1
454,4,24,2,1,2670,1,5,4,3,1,4,3,35,3,2,1,4,1,2,1,1
455,1,24,2,0,4817,1,4,2,3,2,3,2,31,3,2,1,3,1,2,1,2
456,4,24,2,1,2679,1,2,4,2,1,1,4,29,3,2,1,4,1,2,1,1
457,1,11,4,0,3905,1,3,2,3,1,2,1,36,3,1,2,3,2,1,1,1
458,1,12,2,1,3386,1,5,3,3,1,4,4,35,3,3,1,3,1,2,1,2
459,1,6,2,4,343,1,2,4,2,1,1,1,27,3,2,1,3,1,1,1,1
460,4,18,2,3,4594,1,2,3,3,1,2,3,32,3,2,1,3,1,2,1,1
461,1,36,2,2,3620,1,3,1,3,3,2,2,37,3,2,1,3,2,1,1,1
462,1,15,2,0,1721,1,2,2,3,1,3,1,36,3,2,1,3,1,1,1,1
463,2,12,2,2,3017,1,2,3,2,1,1,1,34,3,1,1,4,1,1,1,1
464,2,12,2,8,754,5,5,4,3,1,4,2,38,3,2,2,3,1,1,1,1
465,4,18,2,9,1950,1,4,4,3,1,1,3,34,2,2,2,3,1,2,1,1
466,1,24,2,1,2924,1,3,3,3,3,4,4,63,1,2,1,3,2,2,1,1
467,1,24,3,3,1659,1,2,4,2,1,2,3,29,3,1,1,2,1,2,1,2
468,4,48,3,3,7238,5,5,3,3,1,3,3,32,1,2,2,3,2,1,1,1
469,4,33,3,9,2764,1,3,2,2,1,2,3,26,3,2,2,3,1,2,1,1
470,4,24,3,1,4679,1,4,3,3,1,3,3,35,3,2,2,2,1,2,1,1
471,2,24,2,3,3092,2,2,3,4,1,2,3,22,3,1,1,3,1,2,1,2
472,1,6,2,6,448,1,2,4,2,1,4,2,23,3,2,1,3,1,1,1,2
473,1,9,2,0,654,1,3,4,3,1,3,3,28,3,2,1,2,1,1,1,2
474,4,6,2,8,1238,5,1,4,3,1,4,2,36,3,2,1,4,2,2,1,1
475,2,18,4,3,1245,1,3,4,4,1,2,3,33,3,2,1,3,1,1,1,2
476,1,18,0,2,3114,1,2,1,2,1,4,2,26,3,1,1,3,1,1,1,2
477,4,39,2,1,2569,3,3,4,3,1,4,3,24,3,2,1,3,1,1,1,1
478,3,24,2,3,5152,1,4,4,3,1,2,3,25,1,2,1,3,1,1,1,1
479,2,12,2,9,1037,2,4,3,3,1,4,1,39,3,2,1,2,1,1,1,1
480,1,15,4,2,1478,1,5,4,3,1,4,3,44,3,2,2,3,2,2,1,1
481,2,12,4,3,3573,1,3,1,2,1,1,1,23,3,2,1,2,1,1,1,1
482,2,24,2,0,1201,1,2,4,3,1,1,2,26,3,2,1,3,1,1,1,1
483,1,30,2,2,3622,4,5,4,2,1,4,2,57,3,1,2,3,1,2,1,1
484,4,15,3,2,960,4,4,3,2,1,2,2,30,3,2,2,3,1,1,1,1
485,4,12,4,0,1163,3,3,4,3,1,4,1,44,3,2,1,3,1,2,1,1
486,2,6,3,0,1209,1,1,4,3,1,4,2,47,3,2,1,4,1,2,1,2
487,4,12,2,3,3077,1,3,2,3,1,4,3,52,3,2,1,3,1,2,1,1
488,4,24,2,0,3757,1,5,4,2,2,4,4,62,3,3,1,3,1,2,1,1
489,4,10,2,0,1418,2,3,3,3,1,2,1,35,3,1,1,2,1,1,2,1
490,4,6,2,0,3518,1,3,2,3,3,3,2,26,3,1,1,3,1,1,1,1
491,4,12,4,3,1934,1,5,2,3,1,2,4,26,3,2,2,3,1,1,1,1
492,2,27,0,9,8318,1,5,2,2,1,4,4,42,3,3,2,4,1,2,1,2
493,4,6,4,3,1237,2,3,1,2,1,1,2,27,3,2,2,3,1,1,1,1
494,2,6,2,3,368,5,5,4,3,1,4,2,38,3,2,1,3,1,1,1,1
495,1,12,4,0,2122,1,3,3,3,1,2,1,39,3,1,2,2,2,1,2,1
496,1,24,2,2,2996,5,3,2,4,1,4,3,20,3,2,1,3,1,1,1,2
497,2,36,2,2,9034,2,2,4,3,2,1,4,29,3,1,1,4,1,2,1,2
498,4,24,4,2,1585,1,4,4,3,1,3,2,40,3,2,2,3,1,1,1,1
499,2,18,2,3,1301,1,5,4,4,3,2,1,32,3,2,1,2,1,1,1,1
500,3,6,4,0,1323,2,5,2,1,1,4,3,28,3,2,2,3,2,2,1,1
501,1,24,2,0,3123,1,2,4,2,1,1,2,27,3,2,1,3,1,1,1,2
502,1,36,2,1,5493,1,5,2,3,1,4,4,42,3,3,1,3,2,1,1,1
503,3,9,2,3,1126,2,5,2,1,1,4,1,49,3,2,1,3,1,1,1,1
504,2,24,4,3,1216,2,2,4,3,1,4,4,38,1,2,2,3,2,1,1,2
505,1,24,2,0,1207,1,2,4,2,1,4,2,24,3,1,1,3,1,1,1,2
506,4,10,2,0,1309,5,3,4,3,3,4,2,27,3,2,1,2,1,1,1,2
507,3,15,4,1,2360,3,3,2,3,1,2,3,36,3,2,1,3,1,2,1,1
508,2,15,1,0,6850,2,1,1,3,1,2,2,34,3,2,1,4,2,2,1,2
509,4,24,2,3,1413,1,3,4,4,1,2,2,28,3,2,1,3,1,1,1,1
510,4,39,2,1,8588,2,5,4,3,1,2,3,45,3,2,1,4,1,2,1,1
511,1,12,2,0,759,1,4,4,3,1,2,1,26,3,2,1,3,1,1,1,2
512,4,36,2,1,4686,1,3,2,3,1,2,4,32,3,3,1,4,1,2,1,1
513,3,15,2,9,2687,1,4,2,3,1,4,2,26,3,1,1,3,1,2,1,1
514,2,12,3,3,585,1,3,4,4,2,4,1,20,3,1,2,3,1,1,1,1
515,4,24,2,0,2255,5,2,4,3,1,1,2,54,3,2,1,3,1,1,1,1
516,1,6,4,0,609,1,4,4,2,1,3,2,37,3,2,2,3,1,1,2,1
517,1,6,4,0,1361,1,2,2,3,1,4,1,40,3,2,1,2,2,1,2,1
518,4,36,4,2,7127,1,2,2,2,1,4,2,23,3,1,2,3,1,2,1,2
519,1,6,2,0,1203,2,5,3,3,1,2,2,43,3,2,1,3,1,2,1,1
520,4,6,4,3,700,5,5,4,3,1,4,4,36,3,3,2,3,1,1,1,1
521,4,24,4,5,5507,1,5,3,3,1,4,4,44,3,3,2,3,1,1,1,1
522,1,18,2,3,3190,1,3,2,2,1,2,1,24,3,2,1,3,1,1,1,2
523,1,48,0,2,7119,1,3,3,3,1,4,4,53,3,3,2,3,2,1,1,2
524,4,24,2,1,3488,2,4,3,2,1,4,3,23,3,2,1,3,1,1,1,1
525,2,18,2,3,1113,1,3,4,2,3,4,1,26,3,2,1,2,2,1,1,1
526,2,26,2,1,7966,1,2,2,3,1,3,3,30,3,2,2,3,1,1,1,1
527,4,15,4,6,1532,2,3,4,2,1,3,3,31,3,2,1,3,1,1,1,1
528,4,4,4,3,1503,1,4,2,3,1,1,1,42,3,2,2,2,2,1,1,1
529,1,36,2,3,2302,1,3,4,1,1,4,3,31,3,1,1,3,1,1,1,2
530,1,6,2,0,662,1,2,3,3,1,4,1,41,3,2,1,2,2,2,1,1
531,2,36,2,6,2273,1,4,3,3,1,1,3,32,3,2,2,3,2,1,1,1
532,2,15,2,0,2631,2,3,2,2,1,4,3,28,3,1,2,3,1,2,1,2
533,4,12,3,1,1503,1,3,4,4,1,4,1,41,3,1,1,3,1,1,1,1
534,4,24,2,3,1311,2,4,4,4,1,3,2,26,3,2,1,3,1,2,1,1
535,4,24,2,3,3105,5,2,4,3,1,2,3,25,3,2,2,3,1,1,1,1
536,3,21,4,6,2319,1,2,2,1,1,1,3,33,3,1,1,3,1,1,1,2
537,1,6,2,0,1374,5,1,4,2,1,3,2,75,3,2,1,4,1,2,1,1
538,2,18,4,2,3612,1,5,3,2,1,4,2,37,3,2,1,3,1,2,1,1
539,1,48,2,0,7763,1,5,4,3,1,4,4,42,1,3,1,4,1,1,1,2
540,3,18,2,2,3049,1,2,1,2,1,1,2,45,2,2,1,2,1,1,1,1
541,2,12,2,3,1534,1,2,1,4,1,1,1,23,3,1,1,3,1,1,1,2
542,4,24,3,0,2032,1,5,4,3,1,4,4,60,3,3,2,3,1,2,1,1
543,1,30,2,2,6350,5,5,4,3,1,4,2,31,3,2,1,3,1,1,1,2
544,3,18,2,2,2864,1,3,2,3,1,1,1,34,3,2,1,2,2,1,1,2
545,4,12,4,0,1255,1,5,4,3,1,4,1,61,3,2,2,2,1,1,1,1
546,1,24,3,0,1333,1,1,4,3,1,2,1,43,3,3,2,3,2,1,1,2
547,4,24,4,0,2022,1,3,4,2,1,4,3,37,3,2,1,3,1,2,1,1
548,4,24,2,3,1552,1,4,3,3,1,1,3,32,1,2,1,3,2,1,1,1
549,1,12,1,3,626,1,3,4,2,1,4,1,24,1,2,1,2,1,1,1,2
550,4,48,4,1,8858,5,4,2,3,1,1,4,35,3,3,2,3,1,2,1,1
551,4,12,4,5,996,5,4,4,2,1,4,1,23,3,2,2,3,1,1,1,1
552,4,6,1,3,1750,3,5,2,3,1,4,2,45,1,2,1,2,2,1,1,1
553,1,48,2,3,6999,1,4,1,4,3,1,1,34,3,2,2,3,1,2,1,2
554,2,12,4,0,1995,2,2,4,3,1,1,3,27,3,2,1,3,1,1,1,1
555,2,9,2,6,1199,1,4,4,2,1,4,2,67,3,2,2,4,1,2,1,1
556,2,12,2,3,1331,1,2,2,3,1,1,3,22,2,2,1,3,1,1,1,2
557,2,18,0,0,2278,2,2,3,2,1,3,3,28,3,2,2,3,1,1,1,2
558,4,21,0,0,5003,5,3,1,2,1,4,2,29,1,2,2,3,1,2,1,2
559,1,24,1,2,3552,1,4,3,3,1,4,3,27,1,2,1,3,1,1,1,2
560,2,18,4,2,1928,1,2,2,3,1,2,1,31,3,2,2,2,1,1,1,2
561,1,24,2,1,2964,5,5,4,3,1,4,4,49,1,3,1,3,2,2,1,1
562,1,24,1,3,1546,1,4,4,3,3,4,3,24,1,1,1,2,1,1,1,2
563,3,6,3,3,683,1,2,2,2,1,1,2,29,1,2,1,3,1,1,1,1
564,2,36,2,0,12389,5,3,1,3,1,4,4,37,3,3,1,3,1,2,1,2
565,2,24,3,9,4712,5,3,4,3,1,2,2,37,1,2,2,4,1,2,1,1
566,2,24,3,3,1553,2,4,3,2,1,2,2,23,3,1,2,3,1,2,1,1
567,1,12,2,0,1372,1,4,2,1,1,3,3,36,3,2,1,3,1,1,1,2
568,4,24,4,3,2578,4,5,2,3,1,2,3,34,3,2,1,3,1,1,1,1
569,2,48,2,3,3979,5,4,4,3,1,1,3,41,3,2,2,3,2,2,1,1
570,1,48,2,3,6758,1,3,3,2,1,2,3,31,3,2,1,3,1,2,1,2
571,1,24,2,2,3234,1,2,4,2,1,4,1,23,3,1,1,2,1,2,1,2
572,4,30,4,3,5954,1,4,3,3,2,2,3,38,3,2,1,3,1,1,1,1
573,4,24,2,1,5433,5,1,2,2,1,4,2,26,3,1,1,4,1,2,1,1
574,1,15,2,9,806,1,3,4,2,1,4,2,22,3,2,1,2,1,1,1,1
575,2,9,2,3,1082,1,5,4,3,1,4,3,27,3,2,2,2,1,1,1,1
576,4,15,4,2,2788,1,4,2,2,2,3,3,24,1,2,2,3,1,1,1,1
577,2,12,2,3,2930,1,4,2,2,1,1,1,27,3,2,1,3,1,1,1,1
578,4,24,4,6,1927,5,3,3,2,1,2,3,33,3,2,2,3,1,2,1,1
579,2,36,4,0,2820,1,2,4,1,1,4,3,27,3,2,2,3,1,1,1,2
580,4,24,2,8,937,1,2,4,4,1,3,3,27,3,2,2,2,1,1,1,1
581,2,18,4,0,1056,1,5,3,3,3,3,1,30,1,2,2,3,1,1,1,2
582,2,12,4,0,3124,1,2,1,3,1,3,1,49,1,2,2,2,2,1,1,1
583,4,9,2,2,1388,1,3,4,2,1,2,1,26,3,1,1,3,1,1,1,1
584,2,36,2,5,2384,1,2,4,3,1,1,4,33,3,1,1,2,1,1,1,2
585,4,12,2,0,2133,5,5,4,2,1,4,4,52,3,3,1,4,1,2,1,1
586,1,18,2,2,2039,1,3,1,2,1,4,1,20,1,1,1,3,1,1,1,2
587,1,9,4,0,2799,1,3,2,3,1,2,1,36,3,1,2,3,2,1,1,1
588,1,12,2,2,1289,1,3,4,3,3,1,2,21,3,2,1,2,1,1,1,1
589,1,18,2,4,1217,1,3,4,4,1,3,1,47,3,2,1,2,1,2,1,2
590,1,12,4,2,2246,1,5,3,3,1,3,2,60,3,2,2,3,1,1,1,2
591,1,12,4,3,385,1,4,4,2,1,3,1,58,3,2,4,2,1,2,1,1
592,2,24,3,0,1965,5,3,4,2,1,4,3,42,3,1,2,3,1,2,1,1
593,4,21,2,9,1572,4,5,4,2,1,4,1,36,1,2,1,2,1,1,1,1
594,2,24,2,0,2718,1,3,3,2,1,4,2,20,3,1,1,2,1,2,1,2
595,1,24,1,10,1358,5,5,4,3,1,3,3,40,2,2,1,4,1,2,1,2
596,2,6,1,0,931,2,2,1,2,1,1,2,32,2,2,1,2,1,1,1,2
597,1,24,2,0,1442,1,4,4,2,1,4,3,23,3,1,2,3,1,1,1,2
598,2,24,0,9,4241,1,3,1,3,1,4,1,36,3,2,3,2,1,2,1,2
599,4,18,4,0,2775,1,4,2,3,1,2,2,31,1,2,2,3,1,1,1,2
600,4,24,3,9,3863,1,3,1,3,1,2,4,32,3,3,1,3,1,1,1,1
601,2,7,2,3,2329,1,2,1,2,3,1,1,45,3,2,1,3,1,1,1,1
602,2,9,2,2,918,1,3,4,2,1,1,2,30,3,2,1,3,1,1,1,2
603,2,24,1,6,1837,1,4,4,2,1,4,4,34,1,3,1,2,1,1,1,2
604,4,36,2,2,3349,1,3,4,2,1,2,3,28,3,2,1,4,1,2,1,2
605,3,10,2,2,1275,1,2,4,2,1,2,2,23,3,2,1,3,1,1,1,1
606,1,24,1,2,2828,3,3,4,3,1,4,1,22,2,2,1,3,1,2,1,1
607,4,24,4,9,4526,1,3,3,3,1,2,1,74,3,2,1,4,1,2,1,1
608,2,36,2,3,2671,2,3,4,2,2,4,4,50,3,3,1,3,1,1,1,2
609,4,18,2,3,2051,1,2,4,3,1,1,1,33,3,2,1,3,1,1,1,1
610,4,15,2,1,1300,5,5,4,3,1,4,4,45,1,3,1,3,2,1,1,1
611,1,12,2,4,741,2,1,4,2,1,3,2,22,3,2,1,3,1,1,1,2
612,3,10,2,0,1240,2,5,1,2,1,4,4,48,3,3,1,2,2,1,1,2
613,1,21,2,3,3357,4,2,4,2,1,2,3,29,1,2,1,3,1,1,1,1
614,1,24,1,1,3632,1,3,1,2,3,4,3,22,1,1,1,3,1,1,2,1
615,4,18,3,2,1808,1,4,4,2,1,1,1,22,3,2,1,3,1,1,1,2
616,2,48,0,9,12204,5,3,2,3,1,2,3,48,1,2,1,4,1,2,1,1
617,2,60,3,3,9157,5,3,2,3,1,2,4,27,3,3,1,4,1,1,1,1
618,1,6,4,0,3676,1,3,1,3,1,3,1,37,3,1,3,3,2,1,1,1
619,2,30,2,2,3441,2,3,2,2,2,4,3,21,3,1,1,3,1,1,1,2
620,4,12,2,0,640,1,3,4,1,1,2,1,49,3,2,1,2,1,1,1,1
621,2,21,4,9,3652,1,4,2,3,1,3,2,27,3,2,2,3,1,1,1,1
622,4,18,4,0,1530,1,3,3,3,1,2,2,32,1,2,2,3,1,1,1,2
623,4,48,2,9,3914,5,3,4,1,1,2,1,38,1,2,1,3,1,1,1,2
624,1,12,2,2,1858,1,2,4,2,1,1,3,22,3,1,1,3,1,1,1,1
625,1,18,2,3,2600,1,3,4,3,1,4,4,65,3,3,2,3,1,1,1,2
626,4,15,2,3,1979,5,5,4,3,1,2,3,35,3,2,1,3,1,1,1,1
627,3,6,2,2,2116,1,3,2,3,1,2,1,41,3,2,1,3,1,2,1,1
628,2,9,1,0,1437,2,4,2,3,1,3,4,29,3,2,1,3,1,1,1,2
629,4,42,4,2,4042,3,3,4,3,1,4,1,36,3,2,2,3,1,2,1,1
630,4,9,2,6,3832,5,5,1,3,1,4,1,64,3,2,1,2,1,1,1,1
631,1,24,2,3,3660,1,3,2,2,1,4,3,28,3,2,1,3,1,1,1,1
632,1,18,1,2,1553,1,3,4,3,1,3,3,44,1,2,1,3,1,1,1,2
633,2,15,2,3,1444,5,2,4,3,1,1,2,23,3,2,1,3,1,1,1,1
634,4,9,2,2,1980,1,2,2,2,2,2,3,19,3,1,2,3,1,1,1,2
635,2,24,2,0,1355,1,2,3,2,1,4,3,25,3,2,1,2,1,2,1,2
636,4,12,2,6,1393,1,5,4,3,1,4,2,47,1,2,3,3,2,2,1,1
637,4,24,2,3,1376,3,4,4,2,1,1,3,28,3,2,1,3,1,1,1,1
638,4,60,3,3,15653,1,4,2,3,1,4,3,21,3,2,2,3,1,2,1,1
639,4,12,2,3,1493,1,2,4,2,1,3,3,34,3,2,1,3,2,1,1,1
640,1,42,3,3,4370,1,4,3,3,1,2,2,26,1,2,2,3,2,2,1,2
641,1,18,2,6,750,1,1,4,2,1,1,1,27,3,2,1,1,1,1,1,2
642,2,15,2,5,1308,1,5,4,3,1,4,3,38,3,2,2,2,1,1,1,1
643,4,15,2,6,4623,2,3,3,3,1,2,2,40,3,2,1,4,1,2,1,2
644,4,24,4,3,1851,1,4,4,4,3,2,3,33,3,2,2,3,1,2,1,1
645,1,18,4,3,1880,1,4,4,4,1,1,2,32,3,2,2,4,1,2,1,1
646,4,36,3,9,7980,5,2,4,3,1,4,3,27,3,1,2,3,1,2,1,2
647,1,30,0,2,4583,1,3,2,1,3,2,1,32,3,2,2,3,1,1,1,1
648,4,12,2,0,1386,3,3,2,2,1,2,2,26,3,2,1,3,1,1,1,2
649,3,24,2,0,947,1,4,4,3,1,3,4,38,1,3,1,3,2,1,1,2
650,1,12,2,6,684,1,3,4,3,1,4,3,40,3,1,1,2,2,1,1,2
651,1,48,2,6,7476,1,4,4,3,1,1,4,50,3,3,1,4,1,2,1,1
652,2,12,2,2,1922,1,3,4,3,1,2,2,37,3,2,1,2,1,1,1,2
653,1,24,2,0,2303,1,5,4,3,2,1,1,45,3,2,1,3,1,1,1,2
654,2,36,3,0,8086,2,5,2,3,1,4,3,42,3,2,4,4,1,2,1,2
655,4,24,4,1,2346,1,4,4,3,1,3,3,35,3,2,2,3,1,2,1,1
656,1,14,2,0,3973,1,1,1,3,1,4,4,22,3,3,1,3,1,1,1,1
657,2,12,2,0,888,1,5,4,3,1,4,3,41,1,2,1,2,2,1,1,2
658,4,48,2,3,10222,5,4,4,3,1,3,3,37,2,2,1,3,1,2,1,1
659,2,30,0,9,4221,1,3,2,2,1,1,3,28,3,2,2,3,1,1,1,1
660,2,18,4,2,6361,1,5,2,3,1,1,4,41,3,2,1,3,1,2,1,1
661,3,12,2,3,1297,1,3,3,4,1,4,1,23,3,1,1,3,1,1,1,1
662,1,12,2,0,900,5,3,4,4,1,2,3,23,3,2,1,3,1,1,1,2
663,4,21,2,2,2241,1,5,4,3,1,2,1,50,3,2,2,3,1,1,1,1
664,2,6,3,2,1050,1,1,4,3,1,1,2,35,2,2,2,4,1,2,1,1
665,3,6,4,6,1047,1,3,2,2,1,4,2,50,3,2,1,2,1,1,1,1
666,4,24,4,10,6314,1,1,4,3,2,2,4,27,1,2,2,4,1,2,1,1
667,2,30,1,2,3496,4,3,4,3,1,2,3,34,2,2,1,3,2,2,1,1
668,4,48,1,9,3609,1,3,1,2,1,1,1,27,2,2,1,3,1,1,1,1
669,1,12,4,0,4843,1,5,3,3,2,4,2,43,3,1,2,3,1,2,1,2
670,3,30,4,3,3017,1,5,4,3,1,4,2,47,3,2,1,3,1,1,1,1
671,4,24,4,9,4139,2,3,3,3,1,3,2,27,3,2,2,2,1,2,1,1
672,4,36,2,9,5742,2,4,2,3,1,2,3,31,3,2,2,3,1,2,1,1
673,4,60,2,0,10366,1,5,2,3,1,4,2,42,3,2,1,4,1,2,1,1
674,4,6,4,0,2080,3,3,1,4,1,2,3,24,3,2,1,3,1,1,1,1
675,4,21,3,9,2580,3,2,4,3,1,2,1,41,1,2,1,2,2,1,1,2
676,4,30,4,3,4530,1,4,4,2,1,4,3,26,3,1,1,4,1,2,1,1
677,4,24,4,2,5150,1,5,4,3,1,4,3,33,3,2,1,3,1,2,1,1
678,2,72,2,3,5595,2,3,2,4,1,2,3,24,3,2,1,3,1,1,1,2
679,1,24,2,3,2384,1,5,4,3,1,4,1,64,1,1,1,2,1,1,1,1
680,4,18,2,3,1453,1,2,3,2,1,1,1,26,3,2,1,3,1,1,1,1
681,4,6,2,6,1538,1,2,1,2,1,2,4,56,3,2,1,3,1,1,1,1
682,4,12,2,3,2279,5,3,4,3,1,4,4,37,3,3,1,3,1,2,1,1
683,4,15,3,3,1478,1,3,4,4,1,3,1,33,1,2,2,3,1,1,1,1
684,4,24,4,3,5103,1,2,3,4,1,3,4,47,3,3,3,3,1,2,1,1
685,2,36,3,9,9857,2,4,1,3,1,3,2,31,3,2,2,2,2,2,1,1
686,4,60,2,0,6527,5,3,4,3,1,4,4,34,3,3,1,3,2,2,1,1
687,3,10,4,3,1347,5,4,4,3,1,2,2,27,3,2,2,3,1,2,1,1
688,2,36,3,0,2862,2,5,4,3,1,3,4,30,3,3,1,3,1,1,1,1
689,4,9,2,3,2753,2,5,3,3,2,4,3,35,3,2,1,3,1,2,1,1
690,1,12,2,0,3651,4,3,1,3,1,3,2,31,3,2,1,3,2,1,1,1
691,1,15,4,2,975,1,3,2,1,1,3,2,25,3,2,2,3,1,1,1,1
692,2,15,2,5,2631,2,3,3,2,1,2,1,25,3,2,1,2,1,1,1,1
693,2,24,2,3,2896,2,2,2,3,1,1,3,29,3,2,1,3,1,1,1,1
694,1,6,4,0,4716,5,2,1,3,1,3,1,44,3,2,2,2,2,1,1,1
695,4,24,2,3,2284,1,4,4,3,1,2,3,28,3,2,1,3,1,2,1,1
696,4,6,2,1,1236,3,3,2,3,1,4,2,50,3,1,1,3,1,1,1,1
697,2,12,2,3,1103,1,4,4,3,3,3,1,29,3,2,2,3,1,1,2,1
698,4,12,4,0,926,1,1,1,2,1,2,2,38,3,2,1,1,1,1,1,1
699,4,18,4,3,1800,1,3,4,3,1,2,3,24,3,2,2,3,1,1,1,1
700,3,15,2,6,1905,1,5,4,3,1,4,3,40,3,1,1,4,1,2,1,1
701,4,12,2,2,1123,3,3,4,2,1,4,3,29,3,1,1,2,1,1,1,2
702,1,48,4,1,6331,1,5,4,3,1,4,4,46,3,3,2,3,1,2,1,2
703,3,24,2,3,1377,2,5,4,2,1,2,4,47,3,3,1,3,1,2,1,1
704,2,30,3,9,2503,2,5,4,3,1,2,2,41,2,2,2,3,1,1,1,1
705,2,27,2,9,2528,1,2,4,2,1,1,2,32,3,2,1,3,2,2,1,1
706,4,15,2,0,5324,3,5,1,2,1,4,4,35,3,3,1,3,1,1,1,1
707,2,48,2,0,6560,2,4,3,3,1,2,2,24,3,2,1,3,1,1,1,2
708,2,12,0,2,2969,1,2,4,2,1,3,2,25,3,1,2,3,1,1,1,2
709,2,9,2,3,1206,1,5,4,2,1,4,1,25,3,2,1,3,1,1,1,1
710,2,9,2,3,2118,1,3,2,3,1,2,1,37,3,2,1,2,2,1,1,1
711,4,18,4,3,629,3,5,4,3,1,3,2,32,1,2,2,4,1,2,1,1
712,1,6,1,6,1198,1,5,4,2,1,4,4,35,3,3,1,3,1,1,1,2
713,4,21,2,1,2476,5,5,4,3,1,4,1,46,3,2,1,4,1,2,1,1
714,1,9,4,3,1138,1,3,4,3,1,4,1,25,3,2,2,2,1,1,1,1
715,2,60,2,0,14027,1,4,4,3,1,2,4,27,3,2,1,4,1,2,1,2
716,4,30,4,1,7596,5,5,1,3,1,4,3,63,3,2,2,3,1,1,1,1
717,4,30,4,3,3077,5,5,3,3,1,2,3,40,3,2,2,3,2,2,1,1
718,4,18,2,3,1505,1,3,4,3,1,2,4,32,3,3,1,4,1,2,1,1
719,3,24,4,3,3148,5,3,3,3,1,2,3,31,3,2,2,3,1,2,1,1
720,2,20,0,1,6148,2,5,3,4,1,4,3,31,1,2,2,3,1,2,1,1
721,3,9,0,3,1337,1,2,4,3,1,2,3,34,3,2,2,4,1,2,1,2
722,2,6,1,6,433,4,2,4,2,1,2,2,24,1,1,1,3,2,1,1,2
723,1,12,2,0,1228,1,3,4,2,1,2,1,24,3,2,1,2,1,1,1,2
724,2,9,2,3,790,3,3,4,2,1,3,1,66,3,2,1,2,1,1,1,1
725,4,27,2,0,2570,1,3,3,2,1,3,1,21,3,1,1,3,1,1,1,2
726,4,6,4,0,250,4,3,2,2,1,2,1,41,1,2,2,2,1,1,1,1
727,4,15,4,3,1316,3,3,2,4,1,2,2,47,3,2,2,2,1,1,1,1
728,1,18,2,3,1882,1,3,4,2,1,4,3,25,1,1,2,3,1,1,1,2
729,2,48,1,9,6416,1,5,4,2,1,3,4,59,3,1,1,3,1,1,1,2
730,3,24,4,9,1275,4,3,2,1,1,4,1,36,3,2,2,3,1,2,1,1
731,2,24,3,3,6403,1,2,1,3,1,2,3,33,3,2,1,3,1,1,1,1
732,1,24,2,3,1987,1,3,2,3,1,4,1,21,3,1,1,2,2,1,1,2
733,2,8,2,3,760,1,4,4,2,3,2,1,44,3,2,1,2,1,1,1,1
734,4,24,2,1,2603,4,3,2,2,1,4,3,28,3,1,1,3,1,2,1,1
735,4,4,4,0,3380,1,4,1,2,1,1,1,37,3,2,1,3,2,1,1,1
736,2,36,1,4,3990,5,2,3,2,1,2,4,29,1,2,1,1,1,1,1,1
737,2,24,2,1,11560,1,3,1,2,1,4,3,23,3,1,2,4,1,1,1,2
738,1,18,2,0,4380,2,3,3,3,1,4,3,35,3,2,1,2,2,2,1,1
739,4,6,4,0,6761,1,4,1,3,1,3,4,45,3,2,2,4,2,2,1,1
740,2,30,0,9,4280,2,3,4,2,1,4,3,26,3,1,2,2,1,1,1,2
741,1,24,1,0,2325,2,4,2,3,1,3,3,32,1,2,1,3,1,1,1,1
742,2,10,1,3,1048,1,3,4,3,1,4,1,23,2,2,1,2,1,1,1,1
743,4,21,2,3,3160,5,5,4,3,1,3,2,41,3,2,1,3,1,2,1,1
744,1,24,1,2,2483,3,3,4,3,1,4,1,22,2,2,1,3,1,2,1,1
745,1,39,4,2,14179,5,4,4,3,1,4,2,30,3,2,2,4,1,2,1,1
746,1,13,4,9,1797,1,2,3,3,1,1,2,28,1,2,2,2,1,1,1,1
747,1,15,2,0,2511,1,1,1,2,1,4,3,23,3,1,1,3,1,1,1,1
748,1,12,2,0,1274,1,2,3,2,1,1,1,37,3,2,1,2,1,1,1,2
749,4,21,2,1,5248,5,3,1,3,1,3,3,26,3,2,1,3,1,1,1,1
750,4,15,2,1,3029,1,4,2,3,1,2,3,33,3,2,1,3,1,1,1,1
751,1,6,2,2,428,1,5,2,2,1,1,2,49,1,2,1,3,1,2,1,1
752,1,18,2,0,976,1,2,1,2,1,2,3,23,3,2,1,2,1,1,1,2
753,2,12,2,9,841,2,4,2,2,1,4,1,23,3,1,1,2,1,1,1,1
754,4,30,4,3,5771,1,4,4,2,1,2,3,25,3,2,2,3,1,1,1,1
755,4,12,3,5,1555,4,5,4,3,1,4,4,55,3,3,2,3,2,1,1,2
756,1,24,2,0,1285,5,4,4,2,1,4,4,32,3,1,1,3,1,1,1,2
757,3,6,4,0,1299,1,3,1,3,1,1,1,74,3,2,3,1,2,1,2,1
758,3,15,4,3,1271,5,3,3,3,1,4,4,39,3,3,2,3,1,2,1,2
759,4,24,2,0,1393,1,3,2,3,3,2,1,31,3,2,1,3,1,2,1,1
760,1,12,4,0,691,1,5,4,3,1,3,2,35,3,2,2,3,1,1,1,2
761,4,15,4,0,5045,5,5,1,2,1,4,3,59,3,2,1,3,1,2,1,1
762,1,18,4,2,2124,1,3,4,2,1,4,1,24,3,1,2,3,1,1,1,2
763,1,12,2,3,2214,1,3,4,3,1,3,2,24,3,2,1,2,1,1,1,1
764,4,21,4,0,12680,5,5,4,3,1,4,4,30,3,3,1,4,1,2,1,2
765,4,24,4,0,2463,2,4,4,4,1,3,2,27,3,2,2,3,1,2,1,1
766,2,12,2,3,1155,1,5,3,4,3,3,1,40,1,2,2,2,1,1,1,1
767,1,30,2,2,3108,1,2,2,1,1,4,2,31,3,2,1,2,1,1,1,2
768,4,10,2,1,2901,5,2,1,2,1,4,1,31,3,1,1,3,1,1,1,1
769,2,12,4,2,3617,1,5,1,3,1,4,3,28,3,1,3,3,1,2,1,1
770,4,12,4,3,1655,1,5,2,3,1,4,1,63,3,2,2,2,1,2,1,1
771,1,24,2,1,2812,5,5,2,2,1,4,1,26,3,1,1,3,1,1,1,1
772,1,36,4,6,8065,1,3,3,2,1,2,4,25,3,2,2,4,1,2,1,2
773,4,21,4,1,3275,1,5,1,3,1,4,3,36,3,2,1,4,1,2,1,1
774,4,24,4,3,2223,2,5,4,3,1,4,2,52,1,2,2,3,1,1,1,1
775,3,12,4,0,1480,3,1,2,3,1,4,4,66,1,3,3,1,1,1,1,1
776,1,24,2,0,1371,5,3,4,2,1,4,1,25,3,1,1,3,1,1,1,2
777,4,36,4,0,3535,1,4,4,3,1,4,3,37,3,2,2,3,1,2,1,1
778,1,18,2,3,3509,1,4,4,2,3,1,1,25,3,2,1,3,1,1,1,1
779,4,36,4,1,5711,4,5,4,3,1,2,3,38,3,2,2,4,1,2,1,1
780,2,18,2,5,3872,1,1,2,2,1,4,3,67,3,2,1,3,1,2,1,1
781,2,39,4,3,4933,1,4,2,3,3,2,1,25,3,2,2,3,1,1,1,2
782,4,24,4,0,1940,4,5,4,3,1,4,1,60,3,2,1,3,1,2,1,1
783,2,12,0,8,1410,1,3,2,3,1,2,1,31,3,2,1,2,1,2,1,1
784,2,12,2,0,836,2,2,4,2,1,2,2,23,1,2,1,2,1,1,1,2
785,2,20,2,1,6468,5,1,1,1,1,4,1,60,3,2,1,4,1,2,1,1
786,2,18,2,9,1941,4,3,4,3,1,2,2,35,3,2,1,2,1,2,1,1
787,4,22,2,3,2675,3,5,3,3,1,4,3,40,3,2,1,3,1,1,1,1
788,4,48,4,1,2751,5,5,4,3,1,3,3,38,3,2,2,3,2,2,1,1
789,2,48,3,6,6224,1,5,4,3,1,4,4,50,3,3,1,3,1,1,1,2
790,1,40,4,6,5998,1,3,4,3,1,3,4,27,1,2,1,3,1,2,1,2
791,2,21,2,9,1188,1,5,2,2,1,4,2,39,3,2,1,3,2,1,1,2
792,4,24,2,1,6313,5,5,3,3,1,4,3,41,3,2,1,4,2,2,1,1
793,4,6,4,2,1221,5,3,1,4,1,2,2,27,3,2,2,3,1,1,1,1
794,3,24,2,2,2892,1,5,3,1,1,4,4,51,3,3,1,3,1,1,1,1
795,4,24,2,2,3062,3,5,4,3,1,3,4,32,3,1,1,3,1,2,1,1
796,4,9,2,2,2301,2,2,2,2,1,4,2,22,3,1,1,3,1,1,1,1
797,1,18,2,1,7511,5,5,1,3,1,4,2,51,3,3,1,3,2,2,1,2
798,4,12,4,2,1258,1,2,2,2,1,4,2,22,3,1,2,2,1,1,1,1
799,4,24,3,0,717,5,5,4,4,1,4,3,54,3,2,2,3,1,2,1,1
800,2,9,2,0,1549,5,2,4,3,1,2,1,35,3,2,1,1,1,1,1,1
801,4,24,4,6,1597,1,5,4,3,1,4,4,54,3,3,2,3,2,1,1,1
802,2,18,4,3,1795,1,5,3,2,3,4,1,48,1,1,2,2,1,2,1,1
803,1,20,4,2,4272,1,5,1,2,1,4,2,24,3,2,2,3,1,1,1,1
804,4,12,4,3,976,5,5,4,3,1,4,3,35,3,2,2,3,1,1,1,1
805,2,12,2,0,7472,5,1,1,2,1,2,1,24,3,1,1,1,1,1,1,1
806,1,36,2,0,9271,1,4,2,3,1,1,3,24,3,2,1,3,1,2,1,2
807,2,6,2,3,590,1,2,3,4,1,3,1,26,3,2,1,2,1,1,2,1
808,4,12,4,3,930,5,5,4,3,1,4,1,65,3,2,4,3,1,1,1,1
809,2,42,1,1,9283,1,1,1,3,1,2,4,55,1,3,1,4,1,2,1,1
810,2,15,0,0,1778,1,2,2,2,1,1,1,26,3,1,2,1,1,1,1,2
811,2,8,2,9,907,1,2,3,4,1,2,1,26,3,2,1,3,1,2,1,1
812,2,6,2,3,484,1,4,3,4,3,3,1,28,1,2,1,2,1,1,1,1
813,1,36,4,1,9629,1,4,4,3,1,4,3,24,3,2,2,3,1,2,1,2
814,1,48,2,4,3051,1,3,3,3,1,4,3,54,3,2,1,3,1,1,1,2
815,1,48,2,0,3931,1,4,4,3,1,4,4,46,3,3,1,3,2,1,1,2
816,2,36,3,0,7432,1,3,2,2,1,2,2,54,3,1,1,3,1,1,1,1
817,4,6,2,4,1338,3,3,1,1,1,4,1,62,3,2,1,3,1,1,1,1
818,4,6,4,3,1554,1,4,1,2,1,2,3,24,3,1,2,3,1,2,1,1
819,1,36,2,10,15857,1,1,2,1,2,3,3,43,3,2,1,4,1,1,1,1
820,1,18,2,3,1345,1,3,4,4,1,3,1,26,1,2,1,3,1,1,1,2
821,4,12,2,0,1101,1,3,3,4,1,2,1,27,3,2,2,3,1,2,1,1
822,3,12,2,3,3016,1,3,3,4,1,1,3,24,3,2,1,3,1,1,1,1
823,1,36,2,2,2712,1,5,2,3,1,2,2,41,1,2,1,3,2,1,1,2
824,1,8,4,0,731,1,5,4,3,1,4,1,47,3,2,2,2,1,1,1,1
825,4,18,4,2,3780,1,2,3,1,1,2,3,35,3,2,2,4,1,2,1,1
826,1,21,4,0,1602,1,5,4,4,1,3,3,30,3,2,2,3,1,2,1,1
827,1,18,4,0,3966,1,5,1,2,1,4,1,33,1,1,3,3,1,2,1,2
828,4,18,0,9,4165,1,3,2,3,1,2,3,36,2,2,2,3,2,1,1,2
829,1,36,2,1,8335,5,5,3,3,1,4,4,47,3,3,1,3,1,1,1,2
830,2,48,3,9,6681,5,3,4,3,1,4,4,38,3,3,1,3,2,2,1,1
831,4,24,3,9,2375,3,3,4,3,1,2,3,44,3,2,2,3,2,2,1,1
832,1,18,2,0,1216,1,2,4,2,1,3,3,23,3,1,1,3,1,2,1,2
833,1,45,0,9,11816,1,5,2,3,1,4,3,29,3,1,2,3,1,1,1,2
834,2,24,2,3,5084,5,5,2,2,1,4,3,42,3,2,1,3,1,2,1,1
835,3,15,2,3,2327,1,2,2,2,1,3,1,25,3,2,1,2,1,1,1,2
836,1,12,0,0,1082,1,3,4,3,1,4,3,48,1,2,2,3,1,1,1,2
837,4,12,2,3,886,5,3,4,2,1,2,3,21,3,2,1,3,1,1,1,1
838,4,4,2,2,601,1,2,1,2,1,3,1,23,3,1,1,2,2,1,1,1
839,1,24,4,1,2957,1,5,4,3,1,4,2,63,3,2,2,3,1,2,1,1
840,4,24,4,3,2611,1,5,4,4,2,3,1,46,3,2,2,3,1,1,1,1
841,1,36,2,2,5179,1,4,4,3,1,2,2,29,3,2,1,3,1,1,1,2
842,4,21,3,1,2993,1,3,3,3,1,2,1,28,2,2,2,2,1,1,1,1
843,4,18,2,5,1943,1,2,4,2,1,4,1,23,3,2,1,3,1,1,1,2
844,4,24,1,9,1559,1,4,4,3,1,4,3,50,1,2,1,3,1,2,1,1
845,4,18,2,2,3422,1,5,4,3,1,4,2,47,1,2,3,3,2,2,1,1
846,2,21,2,2,3976,5,4,2,3,1,3,3,35,3,2,1,3,1,2,1,1
847,4,18,2,0,6761,5,3,2,3,1,4,3,68,3,1,2,3,1,1,1,2
848,4,24,2,0,1249,1,2,4,4,1,2,1,28,3,2,1,3,1,1,1,1
849,1,9,2,3,1364,1,4,3,3,1,4,1,59,3,2,1,3,1,1,1,1
850,1,12,2,3,709,1,5,4,3,1,4,1,57,2,2,1,2,1,1,1,2
851,1,20,4,0,2235,1,3,4,4,3,2,2,33,1,1,2,3,1,1,2,2
852,4,24,4,1,4042,5,4,3,3,1,4,2,43,3,2,2,3,1,2,1,1
853,4,15,4,3,1471,1,3,4,3,1,4,4,35,3,3,2,3,1,2,1,1
854,1,18,1,0,1442,1,4,4,3,1,4,4,32,3,3,2,2,2,1,1,2
855,4,36,3,0,10875,1,5,2,3,1,2,3,45,3,2,2,3,2,2,1,1
856,4,24,2,0,1474,2,2,4,4,1,3,1,33,3,2,1,3,1,2,1,1
857,4,10,2,8,894,5,4,4,2,1,3,2,40,3,2,1,3,1,2,1,1
858,4,15,4,2,3343,1,3,4,3,1,2,4,28,3,3,1,3,1,2,1,1
859,1,15,2,0,3959,1,3,3,2,1,2,2,29,3,2,1,3,1,2,1,2
860,4,9,2,0,3577,2,3,1,3,3,2,1,26,3,1,1,3,2,1,2,1
861,4,24,4,1,5804,4,3,4,3,1,2,1,27,3,2,2,3,1,1,1,1
862,4,18,3,9,2169,1,3,4,4,1,2,3,28,3,2,1,3,1,2,1,2
863,1,24,2,3,2439,1,2,4,2,1,4,1,35,3,2,1,3,1,2,1,2
864,4,27,4,2,4526,4,2,4,3,1,2,1,32,2,2,2,2,2,2,1,1
865,4,10,2,2,2210,1,3,2,3,1,2,1,25,1,1,1,2,1,1,1,2
866,4,15,2,2,2221,3,3,2,2,1,4,3,20,3,1,1,3,1,1,1,1
867,1,18,2,3,2389,1,2,4,2,1,1,3,27,2,2,1,3,1,1,1,1
868,4,12,4,2,3331,1,5,2,3,1,4,2,42,2,2,1,3,1,1,1,1
869,4,36,2,9,7409,5,5,3,3,1,2,2,37,3,2,2,3,1,1,1,1
870,1,12,2,2,652,1,5,4,2,1,4,2,24,3,1,1,3,1,1,1,1
871,4,36,3,2,7678,3,4,2,2,1,4,3,40,3,2,2,3,1,2,1,1
872,3,6,4,0,1343,1,5,1,3,1,4,1,46,3,2,2,3,2,1,2,1
873,1,24,4,9,1382,2,4,4,3,1,1,1,26,3,2,2,3,1,2,1,1
874,4,15,2,4,874,5,2,4,2,1,1,1,24,3,2,1,3,1,1,1,1
875,1,12,2,2,3590,1,3,2,3,2,2,2,29,3,2,1,2,2,1,1,1
876,2,11,4,0,1322,4,3,4,2,1,4,3,40,3,2,2,3,1,1,1,1
877,1,18,1,3,1940,1,2,3,3,2,4,4,36,1,3,1,4,1,2,1,1
878,4,36,2,3,3595,1,5,4,3,1,2,3,28,3,2,1,3,1,1,1,1
879,1,9,2,0,1422,1,2,3,3,1,2,4,27,3,3,1,4,1,2,1,2
880,4,30,4,3,6742,5,4,2,3,1,3,2,36,3,2,2,3,1,1,1,1
881,4,24,2,1,7814,1,4,3,3,1,3,3,38,3,2,1,4,1,2,1,1
882,4,24,2,1,9277,5,3,2,1,1,4,4,48,3,3,1,3,1,2,1,1
883,2,30,4,0,2181,5,5,4,3,1,4,1,36,3,2,2,3,1,1,1,1
884,4,18,4,3,1098,1,1,4,2,1,4,3,65,3,2,2,1,1,1,1,1
885,2,24,2,2,4057,1,4,3,1,1,3,3,43,3,2,1,3,1,2,1,2
886,1,12,2,6,795,1,2,4,2,1,4,2,53,3,2,1,3,1,1,1,2
887,2,24,4,9,2825,5,4,4,3,1,3,4,34,3,2,2,3,2,2,1,1
888,2,48,2,9,15672,1,3,2,3,1,2,3,23,3,2,1,3,1,2,1,2
889,4,36,4,0,6614,1,5,4,3,1,4,3,34,3,2,2,4,1,2,1,1
890,4,28,1,1,7824,5,2,3,3,3,4,1,40,1,1,2,3,2,2,1,1
891,1,27,4,9,2442,1,5,4,3,1,4,3,43,2,2,4,4,2,2,1,1
892,4,15,4,3,1829,1,5,4,3,1,4,3,46,3,2,2,3,1,2,1,1
893,1,12,4,0,2171,1,3,4,3,1,4,2,38,1,2,2,2,1,1,2,1
894,2,36,4,1,5800,1,3,3,3,1,4,3,34,3,2,2,3,1,2,1,1
895,4,18,4,3,1169,5,3,4,3,1,3,2,29,3,2,2,3,1,2,1,1
896,4,36,3,1,8947,5,4,3,3,1,2,3,31,2,2,1,4,2,2,1,1
897,1,21,2,3,2606,1,2,4,2,1,4,2,28,3,1,1,4,1,2,1,1
898,4,12,4,2,1592,4,4,3,2,1,2,2,35,3,2,1,3,1,1,2,1
899,4,15,2,2,2186,5,4,1,2,1,4,1,33,1,1,1,2,1,1,1,1
900,1,18,2,2,4153,1,3,2,3,2,3,3,42,3,2,1,3,1,1,1,2
901,1,16,4,0,2625,1,5,2,3,3,4,2,43,1,1,1,3,1,2,1,2
902,4,20,4,0,3485,5,2,2,1,1,4,1,44,3,2,2,3,1,2,1,1
903,4,36,4,1,10477,5,5,2,3,1,4,4,42,3,3,2,3,1,1,1,1
904,4,15,2,3,1386,5,3,4,4,1,2,1,40,3,1,1,3,1,2,1,1
905,4,24,2,3,1278,1,5,4,3,1,1,1,36,3,2,1,4,1,2,1,1
906,1,12,2,3,1107,1,3,2,3,1,2,1,20,3,1,1,4,2,2,1,1
907,1,21,2,0,3763,5,4,2,3,2,2,1,24,3,2,1,2,1,1,2,1
908,2,36,2,6,3711,5,3,2,4,1,2,3,27,3,2,1,3,1,1,1,1
909,4,15,3,1,3594,1,2,1,2,1,2,2,46,3,2,2,2,1,1,1,1
910,2,9,2,0,3195,5,3,1,2,1,2,1,33,3,2,1,2,1,1,1,1
911,4,36,3,3,4454,1,3,4,2,1,4,1,34,3,2,2,3,1,1,1,1
912,2,24,4,2,4736,1,2,2,2,1,4,3,25,1,2,1,2,1,1,1,2
913,2,30,2,3,2991,5,5,2,2,1,4,3,25,3,2,1,3,1,1,1,1
914,4,11,2,9,2142,4,5,1,1,1,2,1,28,3,2,1,3,1,2,1,1
915,1,24,1,9,3161,1,3,4,3,1,2,2,31,3,1,1,3,1,2,1,2
916,2,48,0,10,18424,1,3,1,2,1,2,2,32,1,2,1,4,1,2,2,2
917,4,10,2,1,2848,2,3,1,3,2,2,1,32,3,2,1,3,2,1,1,1
918,1,6,2,0,14896,1,5,1,3,1,4,4,68,1,2,1,4,1,2,1,2
919,1,24,2,2,2359,2,1,1,1,1,1,2,33,3,2,1,3,1,1,1,2
920,1,24,2,2,3345,1,5,4,3,1,2,2,39,3,1,1,4,1,2,1,2
921,4,18,4,2,1817,1,3,4,2,1,2,4,28,3,2,2,3,1,1,1,1
922,4,48,3,3,12749,3,4,4,3,1,1,3,37,3,2,1,4,1,2,1,1
923,1,9,2,3,1366,1,2,3,2,1,4,2,22,3,1,1,3,1,1,1,2
924,2,12,2,0,2002,1,4,3,3,1,4,2,30,3,1,1,3,2,2,1,1
925,1,24,1,2,6872,1,2,2,1,1,1,2,55,1,2,1,3,1,2,1,2
926,1,12,1,0,697,1,2,4,3,1,2,3,46,1,2,2,3,1,2,1,2
927,1,18,4,2,1049,1,2,4,2,1,4,2,21,3,1,1,3,1,1,1,1
928,1,48,2,1,10297,1,4,4,3,1,4,4,39,2,3,3,3,2,2,1,2
929,4,30,2,3,1867,5,5,4,3,1,4,3,58,3,2,1,3,1,2,1,1
930,1,12,3,0,1344,1,3,4,3,1,2,1,43,3,2,2,2,2,1,1,1
931,1,24,2,2,1747,1,2,4,3,2,1,2,24,3,2,1,2,1,1,2,1
932,2,9,2,3,1670,1,2,4,2,1,2,3,22,3,2,1,3,1,2,1,2
933,4,9,4,0,1224,1,3,3,3,1,1,1,30,3,2,2,3,1,1,1,1
934,4,12,4,3,522,3,5,4,3,1,4,2,42,3,2,2,3,2,2,1,1
935,1,12,2,3,1498,1,3,4,2,1,1,3,23,1,2,1,3,1,1,1,1
936,2,30,3,3,1919,2,2,4,3,1,3,4,30,2,2,2,4,1,1,1,2
937,3,9,2,3,745,1,3,3,2,1,2,1,28,3,2,1,2,1,1,1,2
938,2,6,2,3,2063,1,2,4,4,1,3,3,30,3,1,1,4,1,2,1,1
939,2,60,2,6,6288,1,3,4,3,1,4,4,42,3,3,1,3,1,1,1,2
940,4,24,4,1,6842,5,3,2,3,1,4,2,46,3,2,2,4,2,2,1,1
941,4,12,2,0,3527,5,2,2,3,1,3,2,45,3,2,1,4,2,2,1,1
942,4,10,2,0,1546,1,3,3,3,1,2,1,31,3,2,1,2,2,1,2,1
943,4,24,2,2,929,5,4,4,3,1,2,3,31,2,2,1,3,1,2,1,1
944,4,4,4,0,1455,1,4,2,3,1,1,1,42,3,2,3,2,2,1,1,1
945,1,15,2,2,1845,1,2,4,2,3,1,2,46,3,1,1,3,1,1,1,1
946,2,48,0,0,8358,3,2,1,2,1,1,3,30,3,2,2,3,1,1,1,1
947,1,24,1,2,3349,3,2,4,3,1,4,4,30,3,3,1,3,2,2,1,2
948,4,12,2,0,2859,5,1,4,3,1,4,4,38,3,2,1,4,1,2,1,1
949,4,18,2,2,1533,1,2,4,4,2,1,2,43,3,2,1,2,2,1,1,2
950,4,24,2,3,3621,2,5,2,3,1,4,3,31,3,2,2,3,1,1,1,2
951,2,18,4,9,3590,1,1,3,4,1,3,3,40,3,2,3,1,2,2,1,1
952,1,36,3,9,2145,1,4,2,3,1,1,3,24,3,2,2,3,1,2,1,2
953,2,24,2,1,4113,3,2,3,2,1,4,3,28,3,1,1,3,1,1,1,2
954,4,36,2,2,10974,1,1,4,2,1,2,3,26,3,2,2,4,1,2,1,2
955,1,12,2,0,1893,1,3,4,2,3,4,2,29,3,2,1,3,1,2,1,1
956,1,24,4,3,1231,4,5,4,2,1,4,2,57,3,1,2,4,1,2,1,1
957,3,30,4,3,3656,5,5,4,3,1,4,2,49,2,2,2,2,1,1,1,1
958,2,9,4,3,1154,1,5,2,3,1,4,1,37,3,2,3,2,1,1,1,1
959,1,28,2,0,4006,1,3,3,3,1,2,3,45,3,2,1,2,1,1,1,2
960,2,24,2,2,3069,2,5,4,3,1,4,4,30,3,3,1,3,1,1,1,1
961,4,6,4,3,1740,1,5,2,4,1,2,1,30,3,1,2,3,1,1,1,1
962,2,21,3,0,2353,1,3,1,1,1,4,2,47,3,2,2,3,1,1,1,1
963,4,15,2,0,3556,5,3,3,3,1,2,4,29,3,2,1,3,1,1,1,1
964,4,24,2,3,2397,3,5,3,3,1,2,3,35,1,2,2,3,1,2,1,2
965,2,6,2,5,454,1,2,3,4,1,1,2,22,3,2,1,2,1,1,1,1
966,2,30,2,3,1715,5,3,4,2,1,1,3,26,3,2,1,3,1,1,1,1
967,2,27,4,3,2520,3,3,4,3,1,2,2,23,3,2,2,2,1,1,1,2
968,4,15,2,3,3568,1,5,4,2,1,2,3,54,1,1,1,4,1,2,1,1
969,4,42,2,3,7166,5,4,2,4,1,4,2,29,3,1,1,3,1,2,1,1
970,1,11,4,0,3939,1,3,1,3,1,2,1,40,3,2,2,2,2,1,1,1
971,2,15,2,5,1514,2,3,4,3,3,2,1,22,3,2,1,3,1,1,1,1
972,4,24,2,0,7393,1,3,1,3,1,4,2,43,3,2,1,2,2,1,1,1
973,1,24,1,0,1193,1,1,1,2,2,4,4,29,3,1,2,1,1,1,1,2
974,1,60,2,9,7297,1,5,4,3,2,4,4,36,3,1,1,3,1,1,1,2
975,4,30,4,3,2831,1,3,4,2,1,2,3,33,3,2,1,3,1,2,1,1
976,3,24,2,3,1258,3,3,3,2,1,3,3,57,3,2,1,2,1,1,1,1
977,2,6,2,3,753,1,3,2,2,3,3,1,64,3,2,1,3,1,1,1,1
978,2,18,3,9,2427,5,5,4,3,1,2,2,42,3,2,2,3,1,1,1,1
979,4,24,3,0,2538,1,5,4,3,1,4,3,47,3,2,2,2,2,1,1,2
980,2,15,1,0,1264,2,3,2,4,1,2,2,25,3,1,1,3,1,1,1,2
981,2,30,4,2,8386,1,4,2,3,1,2,2,49,3,2,1,3,1,1,1,2
982,4,48,2,9,4844,1,1,3,3,1,2,3,33,1,1,1,4,1,2,1,2
983,3,21,2,0,2923,2,3,1,2,1,1,3,28,1,2,1,4,1,2,1,1
984,1,36,2,1,8229,1,3,2,3,1,2,2,26,3,2,1,3,2,1,1,2
985,4,24,4,2,2028,1,4,2,3,1,2,2,30,3,2,2,2,1,1,1,1
986,1,15,4,2,1433,1,3,4,2,1,3,2,25,3,1,2,3,1,1,1,1
987,3,42,0,9,6289,1,2,2,1,1,1,2,33,3,2,2,3,1,1,1,1
988,4,13,2,3,1409,2,1,2,2,1,4,1,64,3,2,1,3,1,1,1,1
989,1,24,2,1,6579,1,1,4,3,1,2,4,29,3,3,1,4,1,2,1,1
990,2,24,4,3,1743,1,5,4,3,1,2,2,48,3,2,2,2,1,1,1,1
991,4,12,4,6,3565,5,2,2,3,1,1,2,37,3,2,2,2,2,1,1,1
992,4,15,1,3,1569,2,5,4,3,1,4,3,34,1,2,1,2,2,1,1,1
993,1,18,2,3,1936,5,4,2,4,1,4,3,23,3,1,2,2,1,1,1,1
994,1,36,2,2,3959,1,1,4,3,1,3,2,30,3,2,1,4,1,2,1,1
995,4,12,2,0,2390,5,5,4,3,1,3,3,50,3,2,1,3,1,2,1,1
996,4,12,2,2,1736,1,4,3,2,1,4,1,31,3,2,1,2,1,1,1,1
997,1,30,2,1,3857,1,3,4,1,1,4,2,40,3,2,1,4,1,2,1,1
998,4,12,2,3,804,1,5,4,3,1,4,3,38,3,2,1,3,1,1,1,1
999,1,45,2,3,1845,1,3,4,3,1,4,4,23,3,3,1,3,1,2,1,2
1000,2,45,4,1,4576,2,1,3,3,1,4,3,27,3,2,1,3,1,1,1,1
